StartDate,EndDate,Status,IPAddress,Progress,Duration (in seconds),Finished,RecordedDate,ResponseId,RecipientLastName,RecipientFirstName,RecipientEmail,ExternalReference,LocationLatitude,LocationLongitude,DistributionChannel,UserLanguage,Part1-Q1_1,Part1-Q1_2,Part1-Q1_3,Part1-Q2_1,Part1-Q2_2,Part1-Q2_3,Part1-Q3_1,Part1-Q3_2,Part1-Q3_3,Part1-Q4_1,Part1-Q4_2,Part1-Q4_3,Part1-Q5_1,Part1-Q5_2,Part1-Q5_3,Part1-Q6_1,Part1-Q6_2,Part1-Q6_3,Part1.1-Q1_1,Part1.1-Q1_2,Part1.1-Q1_3,Part1.1-Q2_1,Part1.1-Q2_2,Part1.1-Q2_3,Part1.1-Q3_1,Part1.1-Q3_2,Part1.1-Q3_3,Part1.1-Q4_1,Part1.1-Q4_2,Part1.1-Q4_3,Part1.1-Q5_1,Part1.1-Q5_2,Part1.1-Q5_3,Part1.1-Q6_1,Part1.1-Q6_2,Part1.1-Q6_3,Part1.2-Q1_1,Part1.2-Q1_2,Part1.2-Q1_3,Part1.2-Q2_1,Part1.2-Q2_2,Part1.2-Q2_3,Part1.2-Q3_1,Part1.2-Q3_2,Part1.2-Q3_3,Part1.2-Q4_1,Part1.2-Q4_2,Part1.2-Q4_3,Part1.2-Q5_1,Part1.2-Q5_2,Part1.2-Q5_3,Part1.2-Q6_1,Part1.2-Q6_2,Part1.2-Q6_3,Part1.2-Q6_4,Part2-Q1_1,Part2-Q1_2,Part2-Q1_3,Part2-Q2_1,Part2-Q2_2,Part2-Q2_3,Part2-Q3_1,Part2-Q3_2,Part2-Q3_3,Part2-Q4_1,Part2-Q4_2,Part2-Q4_3,Part2-Q5_1,Part2-Q5_2,Part2-Q5_3,Part2-Q6_1,Part2-Q6_2,Part2-Q6_3,Part2.1-Q1_1,Part2.1-Q1_2,Part2.1-Q1_3,Part2.1-Q2_1,Part2.1-Q2_2,Part2.1-Q2_3,Part2.1-Q3_1,Part2.1-Q3_2,Part2.1-Q3_3,Part2.1-Q4_1,Part2.1-Q4_2,Part2.1-Q4_3,Part2.1-Q5_1,Part2.1-Q5_2,Part2.1-Q5_3,Part2.1-Q6_1,Part2.1-Q6_2,Part2.1-Q6_3,Part2.2-Q1_1,Part2.2-Q1_2,Part2.2-Q1_3,Part2.2-Q2_1,Part2.2-Q2_2,Part2.2-Q2_3,Part2.2-Q3_1,Part2.2-Q3_2,Part2.2-Q3_3,Part2.2-Q4_1,Part2.2-Q4_2,Part2.2-Q4_3,Part2.2-Q5_1,Part2.2-Q5_2,Part2.2-Q5_3,Part2.2-Q6_1,Part2.2-Q6_2,Part2.2-Q6_3,Part3-Q1_1,Part3-Q1_2,Part3-Q1_3,Part3-Q2_1,Part3-Q2_2,Part3-Q2_3,Part3-Q3_1,Part3-Q3_2,Part3-Q3_3,Part3-Q4_1,Part3-Q4_2,Part3-Q4_3,Part3-Q5_1,Part3-Q5_2,Part3-Q5_3,Part3-Q6_1,Part3-Q6_2,Part3-Q6_3,Part3.1-Q1_1,Part3.1-Q1_2,Part3.1-Q1_3,Part3.1-Q2_1,Part3.1-Q2_2,Part3.1-Q2_3,Part3.1-Q3_1,Part3.1-Q3_2,Part3.1-Q3_3,Part3.1-Q4_1,Part3.1-Q4_2,Part3.1-Q4_3,Part3.1-Q5_1,Part3.1-Q5_2,Part3.1-Q5_3,Part3.1-Q6_1,Part3.1-Q6_2,Part3.1-Q6_3,Part3.2-Q1_1,Part3.2-Q1_2,Part3.2-Q1_3,Part3.2-Q2_1,Part3.2-Q2_2,Part3.2-Q2_3,Part3.2-Q3_1,Part3.2-Q3_2,Part3.2-Q3_3,part3.2-Q4_1,part3.2-Q4_2,part3.2-Q4_3,part3.2-Q5_1,part3.2-Q5_2,part3.2-Q5_3,part3.2-Q6_1,part3.2-Q6_2,part3.2-Q6_3,part3.2-Q1_1,part3.2-Q1_2,part3.2-Q1_3,part3.2-Q2_1,part3.2-Q2_2,part3.2-Q2_3,part3.2-Q3_1,part3.2-Q3_2,part3.2-Q3_3,part3.2-Q4_1,part3.2-Q4_2,part3.2-Q4_3,part3.2-Q5_1,part3.2-Q5_2,part3.2-Q5_3,part3.2-Q6_1,part3.2-Q6_2,part3.2-Q6_3
Start Date,End Date,Response Type,IP Address,Progress,Duration (in seconds),Finished,Recorded Date,Response ID,Recipient Last Name,Recipient First Name,Recipient Email,External Data Reference,Location Latitude,Location Longitude,Distribution Channel,User Language,"Question 1

The Original Image: - a)Which image(s) translates the subject matter in the original painting to something unexpected (object or element of surprise, etc)?

[multiple answers can be selected]","Question 1

The Original Image: - b)Which generated image(s) has unexpected juxtapositions of objects?

[multiple answers can be selected]","Question 1

The Original Image: - c)Which one is the best surrealistic painting among the three paintings, in your opinion?

[only one answer can be selected]","Question 2

The Original Image: - a)Which image(s) translates the subject matter in the original painting to something unexpected (object or element of surprise, etc)?

[multiple answers can be selected]","Question 2

The Original Image: - b)Which generated image(s) has unexpected juxtapositions of objects?

[multiple answers can be selected]","Question 2

The Original Image: - c)Which one is the best surrealistic painting among the three paintings, in your opinion?

[only one answer can be selected]","Question 3

The Original Image: - a)Which image(s) translates the subject matter in the original painting to something unexpected (object or element of surprise, etc)?

[multiple answers can be selected]","Question 3

The Original Image: - b)Which generated image(s) has unexpected juxtapositions of objects?

[multiple answers can be selected]","Question 3

The Original Image: - c)Which one is the best surrealistic painting among the three paintings, in your opinion?

[only one answer can be selected]","Question 4

The Original Image: - a)Which image(s) translates the subject matter in the original painting to something unexpected (object or element of surprise, etc)?

[multiple answers can be selected]","Question 4

The Original Image: - b)Which generated image(s) has unexpected juxtapositions of objects?

[multiple answers can be selected]","Question 4

The Original Image: - c)Which one is the best surrealistic painting among the three paintings, in your opinion?

[only one answer can be selected]","Question 5

The Original Image: - a)Which image(s) translates the subject matter in the original painting to something unexpected (object or element of surprise, etc)?

[multiple answers can be selected]","Question 5

The Original Image: - b)Which generated image(s) has unexpected juxtapositions of objects?

[multiple answers can be selected]","Question 5

The Original Image: - c)Which one is the best surrealistic painting among the three paintings, in your opinion?

[only one answer can be selected]","Question 6

The Original Image: - a)Which image(s) translates the subject matter in the original painting to something unexpected (object or element of surprise, etc)?

[multiple answers can be selected]","Question 6

The Original Image: - b)Which generated image(s) has unexpected juxtapositions of objects?

[multiple answers can be selected]","Question 6

The Original Image: - c)Which one is the best surrealistic painting among the three paintings, in your opinion?

[only one answer can be selected]","Question 7 

The Original Image: - a)Which image(s) translates the subject matter in the original painting to something unexpected (object or element of surprise, etc)?

[multiple answers can be selected]","Question 7 

The Original Image: - b)Which generated image(s) has unexpected juxtapositions of objects?

[multiple answers can be selected]","Question 7 

The Original Image: - c)Which one is the best surrealistic painting among the three paintings, in your opinion?

[only one answer can be selected]","Question 8

The Original Image: - a)Which image(s) translates the subject matter in the original painting to something unexpected (object or element of surprise, etc)?

[multiple answers can be selected]","Question 8

The Original Image: - b)Which generated image(s) has unexpected juxtapositions of objects?

[multiple answers can be selected]","Question 8

The Original Image: - c)Which one is the best surrealistic painting among the three paintings, in your opinion?

[only one answer can be selected]","Question 9

The Original Image: - a)Which image(s) translates the subject matter in the original painting to something unexpected (object or element of surprise, etc)?

[multiple answers can be selected]","Question 9

The Original Image: - b)Which generated image(s) has unexpected juxtapositions of objects?

[multiple answers can be selected]","Question 9

The Original Image: - c)Which one is the best surrealistic painting among the three paintings, in your opinion?

[only one answer can be selected]","Question 10

The Original Image: - a)Which image(s) translates the subject matter in the original painting to something unexpected (object or element of surprise, etc)?

[multiple answers can be selected]","Question 10

The Original Image: - b)Which generated image(s) has unexpected juxtapositions of objects?

[multiple answers can be selected]","Question 10

The Original Image: - c)Which one is the best surrealistic painting among the three paintings, in your opinion?

[only one answer can be selected]","Question 11

The Original Image: - a)Which image(s) translates the subject matter in the original painting to something unexpected (object or element of surprise, etc)?

[multiple answers can be selected]","Question 11

The Original Image: - b)Which generated image(s) has unexpected juxtapositions of objects?

[multiple answers can be selected]","Question 11

The Original Image: - c)Which one is the best surrealistic painting among the three paintings, in your opinion?

[only one answer can be selected]","Question 12

The Original Image: - a)Which image(s) translates the subject matter in the original painting to something unexpected (object or element of surprise, etc)?

[multiple answers can be selected]","Question 12

The Original Image: - b)Which generated image(s) has unexpected juxtapositions of objects?

[multiple answers can be selected]","Question 12

The Original Image: - c)Which one is the best surrealistic painting among the three paintings, in your opinion?

[only one answer can be selected]","Question 13

The Original Image: - a)Which image(s) translates the subject matter in the original painting to something unexpected (object or element of surprise, etc)?

[multiple answers can be selected]","Question 13

The Original Image: - b)Which generated image(s) has unexpected juxtapositions of objects?

[multiple answers can be selected]","Question 13

The Original Image: - c)Which one is the best surrealistic painting among the three paintings, in your opinion?

[only one answer can be selected]","Question 14

The Original Image: - a)Which image(s) translates the subject matter in the original painting to something unexpected (object or element of surprise, etc)?

[multiple answers can be selected]","Question 14

The Original Image: - b)Which generated image(s) has unexpected juxtapositions of objects?

[multiple answers can be selected]","Question 14

The Original Image: - c)Which one is the best surrealistic painting among the three paintings, in your opinion?

[only one answer can be selected]","Question 15

The Original Image: - a)Which image(s) translates the subject matter in the original painting to something unexpected (object or element of surprise, etc)?

[multiple answers can be selected]","Question 15

The Original Image: - b)Which generated image(s) has unexpected juxtapositions of objects?

[multiple answers can be selected]","Question 15

The Original Image: - c)Which one is the best surrealistic painting among the three paintings, in your opinion?

[only one answer can be selected]","Question 16

The Original Image: - a)Which image(s) translates the subject matter in the original painting to something unexpected (object or element of surprise, etc)?

[multiple answers can be selected]","Question 16

The Original Image: - b)Which generated image(s) has unexpected juxtapositions of objects?

[multiple answers can be selected]","Question 16

The Original Image: - c)Which one is the best surrealistic painting among the three paintings, in your opinion?

[only one answer can be selected]","Question 17

The Original Image: - a)Which image(s) translates the subject matter in the original painting to something unexpected (object or element of surprise, etc)?

[multiple answers can be selected]","Question 17

The Original Image: - b)Which generated image(s) has unexpected juxtapositions of objects?

[multiple answers can be selected]","Question 17

The Original Image: - c)Which one is the best surrealistic painting among the three paintings, in your opinion?

[only one answer can be selected]","Question 18

The Original Image: - 1","Question 18

The Original Image: - a)Which image(s) translates the subject matter in the original painting to something unexpected (object or element of surprise, etc)?

[multiple answers can be selected]","Question 18

The Original Image: - b)Which generated image(s) has unexpected juxtapositions of objects?

[multiple answers can be selected]","Question 18

The Original Image: - c)Which one is the best surrealistic painting among the three paintings, in your opinion?

[only one answer can be selected]","Question 19

The Original Image: - a)Which image(s) translates the subject matter in the original painting to something unexpected (object or element of surprise, etc)?

[multiple answers can be selected]","Question 19

The Original Image: - b)Which generated image(s) has unexpected juxtapositions of objects?

[multiple answers can be selected]","Question 19

The Original Image: - c)Which one is the best surrealistic painting among the three paintings, in your opinion?

[only one answer can be selected]","Question 20

The Original Image: - a)Which image(s) translates the subject matter in the original painting to something unexpected (object or element of surprise, etc)?

[multiple answers can be selected]","Question 20

The Original Image: - b)Which generated image(s) has unexpected juxtapositions of objects?

[multiple answers can be selected]","Question 20

The Original Image: - c)Which one is the best surrealistic painting among the three paintings, in your opinion?

[only one answer can be selected]","Question 21

The Original Image: - a)Which image(s) translates the subject matter in the original painting to something unexpected (object or element of surprise, etc)?

[multiple answers can be selected]","Question 21

The Original Image: - b)Which generated image(s) has unexpected juxtapositions of objects?

[multiple answers can be selected]","Question 21

The Original Image: - c)Which one is the best surrealistic painting among the three paintings, in your opinion?

[only one answer can be selected]","Question 22

The Original Image: - a)Which image(s) translates the subject matter in the original painting to something unexpected (object or element of surprise, etc)?

[multiple answers can be selected]","Question 22

The Original Image: - b)Which generated image(s) has unexpected juxtapositions of objects?

[multiple answers can be selected]","Question 22

The Original Image: - c)Which one is the best surrealistic painting among the three paintings, in your opinion?

[only one answer can be selected]","Question 23

The Original Image: - a)Which image(s) translates the subject matter in the original painting to something unexpected (object or element of surprise, etc)?

[multiple answers can be selected]","Question 23

The Original Image: - b)Which generated image(s) has unexpected juxtapositions of objects?

[multiple answers can be selected]","Question 23

The Original Image: - c)Which one is the best surrealistic painting among the three paintings, in your opinion?

[only one answer can be selected]","Question 24

The Original Image: - a)Which image(s) translates the subject matter in the original painting to something unexpected (object or element of surprise, etc)?

[multiple answers can be selected]","Question 24

The Original Image: - b)Which generated image(s) has unexpected juxtapositions of objects?

[multiple answers can be selected]","Question 24

The Original Image: - c)Which one is the best surrealistic painting among the three paintings, in your opinion?

[only one answer can be selected]","Question 25

The Original Image: - a)Which image(s) translates the subject matter in the original painting to something unexpected (object or element of surprise, etc)?

[multiple answers can be selected]","Question 25

The Original Image: - b)Which generated image(s) has unexpected juxtapositions of objects?

[multiple answers can be selected]","Question 25

The Original Image: - c)Which one is the best surrealistic painting among the three paintings, in your opinion?

[only one answer can be selected]","Question 26

The Original Image: - a)Which image(s) translates the subject matter in the original painting to something unexpected (object or element of surprise, etc)?

[multiple answers can be selected]","Question 26

The Original Image: - b)Which generated image(s) has unexpected juxtapositions of objects?

[multiple answers can be selected]","Question 26

The Original Image: - c)Which one is the best surrealistic painting among the three paintings, in your opinion?

[only one answer can be selected]","Question 27

The Original Image: - a)Which image(s) translates the subject matter in the original painting to something unexpected (object or element of surprise, etc)?

[multiple answers can be selected]","Question 27

The Original Image: - b)Which generated image(s) has unexpected juxtapositions of objects?

[multiple answers can be selected]","Question 27

The Original Image: - c)Which one is the best surrealistic painting among the three paintings, in your opinion?

[only one answer can be selected]","Question 28

The Original Image: - a)Which image(s) translates the subject matter in the original painting to something unexpected (object or element of surprise, etc)?

[multiple answers can be selected]","Question 28

The Original Image: - b)Which generated image(s) has unexpected juxtapositions of objects?

[multiple answers can be selected]","Question 28

The Original Image: - c)Which one is the best surrealistic painting among the three paintings, in your opinion?

[only one answer can be selected]","Question 29

The Original Image: - a)Which image(s) translates the subject matter in the original painting to something unexpected (object or element of surprise, etc)?

[multiple answers can be selected]","Question 29

The Original Image: - b)Which generated image(s) has unexpected juxtapositions of objects?

[multiple answers can be selected]","Question 29

The Original Image: - c)Which one is the best surrealistic painting among the three paintings, in your opinion?

[only one answer can be selected]","Question 30

The Original Image: - a)Which image(s) translates the subject matter in the original painting to something unexpected (object or element of surprise, etc)?

[multiple answers can be selected]","Question 30

The Original Image: - b)Which generated image(s) has unexpected juxtapositions of objects?

[multiple answers can be selected]","Question 30

The Original Image: - c)Which one is the best surrealistic painting among the three paintings, in your opinion?

[only one answer can be selected]","Question 31

The Original Image: - a)Which image(s) translates the subject matter in the original painting to something unexpected (object or element of surprise, etc)?

[multiple answers can be selected]","Question 31

The Original Image: - b)Which generated image(s) has unexpected juxtapositions of objects?

[multiple answers can be selected]","Question 31

The Original Image: - c)Which one is the best surrealistic painting among the three paintings, in your opinion?

[only one answer can be selected]","Question 32

The Original Image: - a)Which image(s) translates the subject matter in the original painting to something unexpected (object or element of surprise, etc)?

[multiple answers can be selected]","Question 32

The Original Image: - b)Which generated image(s) has unexpected juxtapositions of objects?

[multiple answers can be selected]","Question 32

The Original Image: - c)Which one is the best surrealistic painting among the three paintings, in your opinion?

[only one answer can be selected]","Question 33

The Original Image: - a)Which image(s) translates the subject matter in the original painting to something unexpected (object or element of surprise, etc)?

[multiple answers can be selected]","Question 33

The Original Image: - b)Which generated image(s) has unexpected juxtapositions of objects?

[multiple answers can be selected]","Question 33

The Original Image: - c)Which one is the best surrealistic painting among the three paintings, in your opinion?

[only one answer can be selected]","Question 34

The Original Image: - a)Which image(s) translates the subject matter in the original painting to something unexpected (object or element of surprise, etc)?

[multiple answers can be selected]","Question 34

The Original Image: - b)Which generated image(s) has unexpected juxtapositions of objects?

[multiple answers can be selected]","Question 34

The Original Image: - c)Which one is the best surrealistic painting among the three paintings, in your opinion?

[only one answer can be selected]","Question 35

The Original Image: - a)Which image(s) translates the subject matter in the original painting to something unexpected (object or element of surprise, etc)?

[multiple answers can be selected]","Question 35

The Original Image: - b)Which generated image(s) has unexpected juxtapositions of objects?

[multiple answers can be selected]","Question 35

The Original Image: - c)Which one is the best surrealistic painting among the three paintings, in your opinion?

[only one answer can be selected]","Question 36

The Original Image: - a)Which image(s) translates the subject matter in the original painting to something unexpected (object or element of surprise, etc)?

[multiple answers can be selected]","Question 36

The Original Image: - b)Which generated image(s) has unexpected juxtapositions of objects?

[multiple answers can be selected]","Question 36

The Original Image: - c)Which one is the best surrealistic painting among the three paintings, in your opinion?

[only one answer can be selected]","Question 37

The Original Image: - Which image(s) translates the subject matter in the original painting to something unexpected (object or element of surprise, etc)? [multiple answers can be selected]","Question 37

The Original Image: - Which generated image(s) has unexpected juxtapositions of objects? [multiple answers can be selected]","Question 37

The Original Image: - Which one is the best surrealistic painting among the three paintings, in your opinion? [only one answer  can be selected]","Question 38

The Original Image: - a)Which image(s) translates the subject matter in the original painting to something unexpected (object or element of surprise, etc)?

[multiple answers can be selected]","Question 38

The Original Image: - b)Which generated image(s) has unexpected juxtapositions of objects?

[multiple answers can be selected]","Question 38

The Original Image: - c)Which one is the best surrealistic painting among the three paintings, in your opinion?

[only one answer can be selected]","Question 39

The Original Image: - a)Which image(s) translates the subject matter in the original painting to something unexpected (object or element of surprise, etc)?

[multiple answers can be selected]","Question 39

The Original Image: - b)Which generated image(s) has unexpected juxtapositions of objects?

[multiple answers can be selected]","Question 39

The Original Image: - c)Which one is the best surrealistic painting among the three paintings, in your opinion?

[only one answer can be selected]","Question 40

The Original Image: - a)Which image(s) translates the subject matter in the original painting to something unexpected (object or element of surprise, etc)?

[multiple answers can be selected]","Question 40

The Original Image: - b)Which generated image(s) has unexpected juxtapositions of objects?

[multiple answers can be selected]","Question 40

The Original Image: - c)Which one is the best surrealistic painting among the three paintings, in your opinion?

[only one answer can be selected]","Question 41

The Original Image: - a)Which image(s) translates the subject matter in the original painting to something unexpected (object or element of surprise, etc)?

[multiple answers can be selected]","Question 41

The Original Image: - b)Which generated image(s) has unexpected juxtapositions of objects?

[multiple answers can be selected]","Question 41

The Original Image: - c)Which one is the best surrealistic painting among the three paintings, in your opinion?

[only one answer can be selected]","Question 42

The Original Image: - a)Which image(s) translates the subject matter in the original painting to something unexpected (object or element of surprise, etc)?

[multiple answers can be selected]","Question 42

The Original Image: - b)Which generated image(s) has unexpected juxtapositions of objects?

[multiple answers can be selected]","Question 42

The Original Image: - c)Which one is the best surrealistic painting among the three paintings, in your opinion?

[only one answer can be selected]","Question 43

The Original Image: - a)Which image(s) translates the subject matter in the original painting to something unexpected (object or element of surprise, etc)?

[multiple answers can be selected]","Question 43

The Original Image: - b)Which generated image(s) has unexpected juxtapositions of objects?

[multiple answers can be selected]","Question 43

The Original Image: - c)Which one is the best surrealistic painting among the three paintings, in your opinion?

[only one answer can be selected]","Question 44

The Original Image: - a)Which image(s) translates the subject matter in the original painting to something unexpected (object or element of surprise, etc)?

[multiple answers can be selected]","Question 44

The Original Image: - b)Which generated image(s) has unexpected juxtapositions of objects?

[multiple answers can be selected]","Question 44

The Original Image: - c)Which one is the best surrealistic painting among the three paintings, in your opinion?

[only one answer can be selected]","Question 45

The Original Image: - a)Which image(s) translates the subject matter in the original painting to something unexpected (object or element of surprise, etc)?

[multiple answers can be selected]","Question 45

The Original Image: - b)Which generated image(s) has unexpected juxtapositions of objects?

[multiple answers can be selected]","Question 45

The Original Image: - c)Which one is the best surrealistic painting among the three paintings, in your opinion?

[only one answer can be selected]","Question 46

The Original Image: - a)Which image(s) translates the subject matter in the original painting to something unexpected (object or element of surprise, etc)?

[multiple answers can be selected]","Question 46

The Original Image: - b)Which generated image(s) has unexpected juxtapositions of objects?

[multiple answers can be selected]","Question 46

The Original Image: - c)Which one is the best surrealistic painting among the three paintings, in your opinion?

[only one answer can be selected]","Question 47

The Original Image: - a)Which image(s) translates the subject matter in the original painting to something unexpected (object or element of surprise, etc)?

[multiple answers can be selected]","Question 47

The Original Image: - b)Which generated image(s) has unexpected juxtapositions of objects?

[multiple answers can be selected]","Question 47

The Original Image: - c)Which one is the best surrealistic painting among the three paintings, in your opinion?

[only one answer can be selected]","Question 48

The Original Image: - a)Which image(s) translates the subject matter in the original painting to something unexpected (object or element of surprise, etc)?

[multiple answers can be selected]","Question 48

The Original Image: - b)Which generated image(s) has unexpected juxtapositions of objects?

[multiple answers can be selected]","Question 48

The Original Image: - c)Which one is the best surrealistic painting among the three paintings, in your opinion?

[only one answer can be selected]","Question 49

The Original Image: - a)Which image(s) translates the subject matter in the original painting to something unexpected (object or element of surprise, etc)?

[multiple answers can be selected]","Question 49

The Original Image: - b)Which generated image(s) has unexpected juxtapositions of objects?

[multiple answers can be selected]","Question 49

The Original Image: - c)Which one is the best surrealistic painting among the three paintings, in your opinion?

[only one answer can be selected]","Question 50

The Original Image: - a)Which image(s) translates the subject matter in the original painting to something unexpected (object or element of surprise, etc)?

[multiple answers can be selected]","Question 50

The Original Image: - b)Which generated image(s) has unexpected juxtapositions of objects?

[multiple answers can be selected]","Question 50

The Original Image: - c)Which one is the best surrealistic painting among the three paintings, in your opinion?

[only one answer can be selected]","Question 51

The Original Image: - a)Which image(s) translates the subject matter in the original painting to something unexpected (object or element of surprise, etc)?

[multiple answers can be selected]","Question 51

The Original Image: - b)Which generated image(s) has unexpected juxtapositions of objects?

[multiple answers can be selected]","Question 51

The Original Image: - c)Which one is the best surrealistic painting among the three paintings, in your opinion?

[only one answer can be selected]","Question 52

The Original Image: - a)Which image(s) translates the subject matter in the original painting to something unexpected (object or element of surprise, etc)?

[multiple answers can be selected]","Question 52

The Original Image: - b)Which generated image(s) has unexpected juxtapositions of objects?

[multiple answers can be selected]","Question 52

The Original Image: - c)Which one is the best surrealistic painting among the three paintings, in your opinion?

[only one answer can be selected]","Question 53

The Original Image: - a)Which image(s) translates the subject matter in the original painting to something unexpected (object or element of surprise, etc)?

[multiple answers can be selected]","Question 53

The Original Image: - b)Which generated image(s) has unexpected juxtapositions of objects?

[multiple answers can be selected]","Question 53

The Original Image: - c)Which one is the best surrealistic painting among the three paintings, in your opinion?

[only one answer can be selected]","Question 54

The Original Image: - a)Which image(s) translates the subject matter in the original painting to something unexpected (object or element of surprise, etc)?

[multiple answers can be selected]","Question 54

The Original Image: - b)Which generated image(s) has unexpected juxtapositions of objects?

[multiple answers can be selected]","Question 54

The Original Image: - c)Which one is the best surrealistic painting among the three paintings, in your opinion?

[only one answer can be selected]","Question 55

The Original Image: - a)Which image(s) translates the subject matter in the original painting to something unexpected (object or element of surprise, etc)?

[multiple answers can be selected]","Question 55

The Original Image: - b)Which generated image(s) has unexpected juxtapositions of objects?

[multiple answers can be selected]","Question 55

The Original Image: - c)Which one is the best surrealistic painting among the three paintings, in your opinion?

[only one answer can be selected]","Question 56

The Original Image: - a)Which image(s) translates the subject matter in the original painting to something unexpected (object or element of surprise, etc)?

[multiple answers can be selected]","Question 56

The Original Image: - b)Which generated image(s) has unexpected juxtapositions of objects?

[multiple answers can be selected]","Question 56

The Original Image: - c)Which one is the best surrealistic painting among the three paintings, in your opinion?

[only one answer can be selected]","Question 57

The Original Image: - a)Which image(s) translates the subject matter in the original painting to something unexpected (object or element of surprise, etc)?

[multiple answers can be selected]","Question 57

The Original Image: - b)Which generated image(s) has unexpected juxtapositions of objects?

[multiple answers can be selected]","Question 57

The Original Image: - c)Which one is the best surrealistic painting among the three paintings, in your opinion?

[only one answer can be selected]","Question 58

The Original Image: - a)Which image(s) translates the subject matter in the original painting to something unexpected (object or element of surprise, etc)?

[multiple answers can be selected]","Question 58

The Original Image: - b)Which generated image(s) has unexpected juxtapositions of objects?

[multiple answers can be selected]","Question 58

The Original Image: - c)Which one is the best surrealistic painting among the three paintings, in your opinion?

[only one answer can be selected]","Question 59

The Original Image : - a)Which image(s) translates the subject matter in the original painting to something unexpected (object or element of surprise, etc)?

[multiple answers can be selected]","Question 59

The Original Image : - b)Which generated image(s) has unexpected juxtapositions of objects?

[multiple answers can be selected]","Question 59

The Original Image : - c)Which one is the best surrealistic painting among the three paintings, in your opinion?

[only one answer can be selected]","Question 60

The Original Image: - a)Which image(s) translates the subject matter in the original painting to something unexpected (object or element of surprise, etc)?

[multiple answers can be selected]","Question 60

The Original Image: - b)Which generated image(s) has unexpected juxtapositions of objects?

[multiple answers can be selected]","Question 60

The Original Image: - c)Which one is the best surrealistic painting among the three paintings, in your opinion?

[only one answer can be selected]"
"{""ImportId"":""startDate"",""timeZone"":""America/Denver""}","{""ImportId"":""endDate"",""timeZone"":""America/Denver""}","{""ImportId"":""status""}","{""ImportId"":""ipAddress""}","{""ImportId"":""progress""}","{""ImportId"":""duration""}","{""ImportId"":""finished""}","{""ImportId"":""recordedDate"",""timeZone"":""America/Denver""}","{""ImportId"":""_recordId""}","{""ImportId"":""recipientLastName""}","{""ImportId"":""recipientFirstName""}","{""ImportId"":""recipientEmail""}","{""ImportId"":""externalDataReference""}","{""ImportId"":""locationLatitude""}","{""ImportId"":""locationLongitude""}","{""ImportId"":""distributionChannel""}","{""ImportId"":""userLanguage""}","{""ImportId"":""QID82_1""}","{""ImportId"":""QID82_2""}","{""ImportId"":""QID82_3""}","{""ImportId"":""QID3_1""}","{""ImportId"":""QID3_3""}","{""ImportId"":""QID3_5""}","{""ImportId"":""QID4_1""}","{""ImportId"":""QID4_6""}","{""ImportId"":""QID4_7""}","{""ImportId"":""QID5_1""}","{""ImportId"":""QID5_2""}","{""ImportId"":""QID5_3""}","{""ImportId"":""QID6_1""}","{""ImportId"":""QID6_2""}","{""ImportId"":""QID6_3""}","{""ImportId"":""QID7_1""}","{""ImportId"":""QID7_2""}","{""ImportId"":""QID7_3""}","{""ImportId"":""QID8_1""}","{""ImportId"":""QID8_2""}","{""ImportId"":""QID8_3""}","{""ImportId"":""QID9_1""}","{""ImportId"":""QID9_2""}","{""ImportId"":""QID9_3""}","{""ImportId"":""QID10_1""}","{""ImportId"":""QID10_2""}","{""ImportId"":""QID10_3""}","{""ImportId"":""QID11_1""}","{""ImportId"":""QID11_2""}","{""ImportId"":""QID11_3""}","{""ImportId"":""QID12_1""}","{""ImportId"":""QID12_2""}","{""ImportId"":""QID12_3""}","{""ImportId"":""QID13_1""}","{""ImportId"":""QID13_2""}","{""ImportId"":""QID13_3""}","{""ImportId"":""QID20_1""}","{""ImportId"":""QID20_2""}","{""ImportId"":""QID20_3""}","{""ImportId"":""QID21_1""}","{""ImportId"":""QID21_2""}","{""ImportId"":""QID21_3""}","{""ImportId"":""QID22_1""}","{""ImportId"":""QID22_2""}","{""ImportId"":""QID22_3""}","{""ImportId"":""QID23_1""}","{""ImportId"":""QID23_2""}","{""ImportId"":""QID23_3""}","{""ImportId"":""QID24_1""}","{""ImportId"":""QID24_2""}","{""ImportId"":""QID24_3""}","{""ImportId"":""QID25_1""}","{""ImportId"":""QID25_2""}","{""ImportId"":""QID25_3""}","{""ImportId"":""QID25_4""}","{""ImportId"":""QID26_1""}","{""ImportId"":""QID26_2""}","{""ImportId"":""QID26_5""}","{""ImportId"":""QID27_1""}","{""ImportId"":""QID27_2""}","{""ImportId"":""QID27_3""}","{""ImportId"":""QID28_1""}","{""ImportId"":""QID28_2""}","{""ImportId"":""QID28_3""}","{""ImportId"":""QID32_1""}","{""ImportId"":""QID32_2""}","{""ImportId"":""QID32_5""}","{""ImportId"":""QID33_11""}","{""ImportId"":""QID33_12""}","{""ImportId"":""QID33_13""}","{""ImportId"":""QID35_1""}","{""ImportId"":""QID35_2""}","{""ImportId"":""QID35_3""}","{""ImportId"":""QID36_1""}","{""ImportId"":""QID36_2""}","{""ImportId"":""QID36_3""}","{""ImportId"":""QID37_1""}","{""ImportId"":""QID37_2""}","{""ImportId"":""QID37_3""}","{""ImportId"":""QID38_1""}","{""ImportId"":""QID38_2""}","{""ImportId"":""QID38_3""}","{""ImportId"":""QID39_1""}","{""ImportId"":""QID39_2""}","{""ImportId"":""QID39_3""}","{""ImportId"":""QID41_7""}","{""ImportId"":""QID41_8""}","{""ImportId"":""QID41_9""}","{""ImportId"":""QID42_7""}","{""ImportId"":""QID42_9""}","{""ImportId"":""QID42_11""}","{""ImportId"":""QID43_1""}","{""ImportId"":""QID43_2""}","{""ImportId"":""QID43_3""}","{""ImportId"":""QID44_1""}","{""ImportId"":""QID44_2""}","{""ImportId"":""QID44_3""}","{""ImportId"":""QID46_1""}","{""ImportId"":""QID46_2""}","{""ImportId"":""QID46_3""}","{""ImportId"":""QID47_1""}","{""ImportId"":""QID47_2""}","{""ImportId"":""QID47_3""}","{""ImportId"":""QID48_1""}","{""ImportId"":""QID48_2""}","{""ImportId"":""QID48_3""}","{""ImportId"":""QID49_1""}","{""ImportId"":""QID49_2""}","{""ImportId"":""QID49_3""}","{""ImportId"":""QID51_1""}","{""ImportId"":""QID51_2""}","{""ImportId"":""QID51_3""}","{""ImportId"":""QID52_1""}","{""ImportId"":""QID52_2""}","{""ImportId"":""QID52_3""}","{""ImportId"":""QID53_1""}","{""ImportId"":""QID53_2""}","{""ImportId"":""QID53_3""}","{""ImportId"":""QID54_1""}","{""ImportId"":""QID54_2""}","{""ImportId"":""QID54_3""}","{""ImportId"":""QID55_1""}","{""ImportId"":""QID55_2""}","{""ImportId"":""QID55_3""}","{""ImportId"":""QID56_1""}","{""ImportId"":""QID56_2""}","{""ImportId"":""QID56_3""}","{""ImportId"":""QID57_1""}","{""ImportId"":""QID57_2""}","{""ImportId"":""QID57_3""}","{""ImportId"":""QID59_1""}","{""ImportId"":""QID59_2""}","{""ImportId"":""QID59_3""}","{""ImportId"":""QID60_1""}","{""ImportId"":""QID60_2""}","{""ImportId"":""QID60_3""}","{""ImportId"":""QID61_1""}","{""ImportId"":""QID61_2""}","{""ImportId"":""QID61_3""}","{""ImportId"":""QID62_1""}","{""ImportId"":""QID62_2""}","{""ImportId"":""QID62_3""}","{""ImportId"":""QID63_1""}","{""ImportId"":""QID63_2""}","{""ImportId"":""QID63_3""}","{""ImportId"":""QID64_1""}","{""ImportId"":""QID64_2""}","{""ImportId"":""QID64_3""}","{""ImportId"":""QID65_1""}","{""ImportId"":""QID65_2""}","{""ImportId"":""QID65_3""}","{""ImportId"":""QID66_1""}","{""ImportId"":""QID66_2""}","{""ImportId"":""QID66_3""}","{""ImportId"":""QID67_1""}","{""ImportId"":""QID67_2""}","{""ImportId"":""QID67_3""}","{""ImportId"":""QID69_1""}","{""ImportId"":""QID69_2""}","{""ImportId"":""QID69_3""}","{""ImportId"":""QID68_1""}","{""ImportId"":""QID68_2""}","{""ImportId"":""QID68_3""}","{""ImportId"":""QID71_1""}","{""ImportId"":""QID71_2""}","{""ImportId"":""QID71_3""}","{""ImportId"":""QID70_1""}","{""ImportId"":""QID70_2""}","{""ImportId"":""QID70_3""}","{""ImportId"":""QID72_1""}","{""ImportId"":""QID72_2""}","{""ImportId"":""QID72_3""}","{""ImportId"":""QID73_1""}","{""ImportId"":""QID73_2""}","{""ImportId"":""QID73_3""}","{""ImportId"":""QID74_1""}","{""ImportId"":""QID74_2""}","{""ImportId"":""QID74_3""}","{""ImportId"":""QID75_1""}","{""ImportId"":""QID75_2""}","{""ImportId"":""QID75_3""}"
2023-06-30 08:12:47,2023-06-30 08:15:11,1,,100,144,1,2023-06-30 08:15:14,R_5nlSXb3teVfdsI1,,,,,52.3327,4.9599,preview,EN,,,,,,,,,,,,,,,,,,,,,,,,,,,,,,,,,,,,,,,,,,,,,,,,,,,,,,,,,,,,,,,,,,,,,,,,,,,,,,,,,,,,,,,,,,,,,,,,,,,,,,,,,,,,,,,,,,,,,,,,,,,,,,,,,,,,,,,,,,,,,,,,,,,,,,,,,,,,,,,,,,,,,,,,,,,,,,,,,,,,,
2023-07-06 03:13:00,2023-07-06 03:16:47,1,,100,227,1,2023-07-06 03:16:48,R_1lmhaGGXcDu1TIa,,,,,52.3584,4.8295,preview,EN,,,,,,,,,,,,,,,,,,,,,,,,,,,,,,,,,,,,,,,,,,,,,,,,,,,,,,,,,,,,,,,,,,,,,,,,,,,,,,,,,,,,,,,,,,,,,,,,,,,,,,,,,,,,,,,,,,,,,,,,,,,,,,,,,,,,,,,,,,,,,,,,,,,,,,,,,,,,,,,,,,,,,,,,,,,,,,,,,,,,,
2023-07-06 07:04:27,2023-07-06 07:26:36,1,,100,1329,1,2023-07-06 07:26:38,R_1N2fPIHm7wssKFY,,,,,52.3564,4.8802,preview,EN,,,,,,,,,,,,,,,,,,,,,,,,,,,,,,,,,,,,,,,,,,,,,,,,,,,,,,,,,,,,,,,,,,,,,,,,,,,,,,,,,,,,,,,,,,,,,,,,,,,,,,,,,,,,,,,,,,,,,,,,,,,,,,,,,,,,,,,,,,,,,,,,,,,,,,,,,,,,,,,,,,,,,,,,,,,,,,,,,,,,,
2023-07-07 01:14:22,2023-07-07 01:15:10,0,77.175.212.78,100,48,1,2023-07-07 01:15:11,R_30hII1VagKXbPgk,,,,,52.3584,4.8295,anonymous,EN,,,,,,,,,,,,,,,,,,,,,,,,,,,,,,,,,,,,,,,,,,,,,,,,,,,,,,,,,,,,,,,,,,,,,,,,,,,,,,,,,,,,,,,,,,,,,,,,,,,,,,,,,,,,,,,,,,,,,,,,,,,,,,,,,,,,,,,,,,,,,,,,,,,,,,,,,,,,,,,,,,,,,,,,,,,,,,,,,,,,,
2023-07-07 02:16:25,2023-07-07 02:41:39,0,95.5.31.125,100,1514,1,2023-07-07 02:41:40,R_3oNhaupAHvWrHf7,,,,,41.0197,28.9757,anonymous,EN,1,,,1,1,1,1,1,1,1,2,1,"2,3",,2,"2,3",2,3,3,"2,3",2,3,3,3,1,3,2,3,3,3,1,3,1,2,2,2,1,1,1,2,2,2,1,1,1,3,3,3,1,1,1,3,3,3,3,"2,3",2,"2,3",2,2,2,2,"1,2",2,"1,3",,,,,"1,3","1,2","1,2","1,2",3,,3,3,3,3,2,2,2,3,3,3,1,1,1,1,1,3,2,2,2,1,1,1,1,1,1,3,3,3,2,2,2,1,1,1,2,2,2,1,1,1,2,2,2,2,2,2,2,2,2,2,2,2,1,1,2,1,1,1,2,2,"1,2",1,1,1,2,2,2,1,1,1,1,"1,2",1,2,1,1,1,1,1,1,1,1,1,1,1,1,1,1,,"1,2",2,2,2,2,2,2,2,2,2,2,1,,,1,,1
2023-07-07 02:32:54,2023-07-07 02:54:16,0,77.175.212.78,100,1282,1,2023-07-07 02:54:17,R_114HgrdmmK0CAUI,,,,,52.3584,4.8295,anonymous,EN,"1,2",1,1,1,1,1,1,1,1,1,1,1,3,2,3,3,3,3,"2,3",3,3,"1,2,3",3,3,"2,3",2,2,3,3,3,"1,3","1,3",3,"1,2","1,2",2,"1,3",1,1,2,2,2,"1,2","1,2",1,3,3,3,"1,3","1,3",3,,"1,3","1,3",3,"2,3",2,2,"1,2","1,2",2,"1,2",1,2,"1,2,3","1,2",2,2,"1,2,3",2,"1,2","1,2",1,"2,3","2,3",3,3,2,3,3,2,3,2,2,2,"1,2","1,2",2,"1,3","1,3",1,2,2,2,1,1,1,1,2,1,1,1,1,"1,2",1,1,2,2,2,"1,2","1,2",2,1,1,1,"1,2",2,2,"1,2",1,1,"1,2","1,2",2,2,2,2,"1,2","1,2",2,1,2,1,1,2,2,"1,2","1,2",2,"1,2","1,2",2,1,1,1,"1,2","1,2",2,1,1,1,1,1,1,"1,2",1,1,2,2,2,1,1,1,2,2,2,1,1,1,1,1,1,2,2,2,2,2,2,2,2,2
2023-07-07 04:42:50,2023-07-07 04:44:22,0,217.131.81.220,100,91,1,2023-07-07 04:44:23,R_2X4G79Ymv5dmYJh,,,,,41.0557,28.9623,anonymous,EN,,,,,,,,,,,,,,,,,,,,,,,,,,,,,,,,,,,,,,,,,,,,,,,,,,,,,,,,,,,,,,,,,,,,,,,,,,,,,,,,,,,,,,,,,,,,,,,,,,,,,,,,,,,,,,,,,,,,,,,,,,,,,,,,,,,,,,,,,,,,,,,,,,,,,,,,,,,,,,,,,,,,,,,,,,,,,,,,,,,,,
2023-07-07 04:38:11,2023-07-07 04:47:25,0,77.164.187.155,100,553,1,2023-07-07 04:47:25,R_1Io1bMzMExcRthg,,,,,52.2908,6.8107,anonymous,EN,1,1,1,1,1,1,1,1,1,1,3,3,3,3,3,3,3,3,2,2,2,3,3,3,2,2,2,3,3,3,3,3,3,1,1,1,3,3,3,1,1,1,3,3,3,3,3,3,3,3,3,3,3,3,3,2,2,2,1,1,1,1,1,1,1,1,1,2,2,2,1,1,1,2,2,2,3,3,3,2,2,2,2,2,2,1,1,1,1,1,1,2,2,2,1,1,1,3,3,3,1,,,,,,,,,,,,,,,,,,,,,,,,,,,,,,,,,,,,,,,,,,,,,,,,,,,,,,,,,,,,,,,,,,,,,,,,,,,,,,,,
2023-07-07 06:04:39,2023-07-07 06:39:20,0,77.175.212.78,100,2081,1,2023-07-07 06:39:21,R_3e8l0aSGhytLCOz,,,,,52.3584,4.8295,anonymous,EN,1,2,1,1,1,1,1,1,1,3,3,3,2,2,1,3,3,3,2,3,3,3,3,2,2,2,3,3,3,3,1,3,3,2,2,2,1,3,1,2,2,3,2,1,2,3,3,3,1,3,3,,"1,3",3,3,"1,2,3","2,3",3,"1,2",2,2,"1,2",1,2,"1,2","1,2",1,"1,2",2,2,1,1,1,"2,3",2,3,3,3,3,1,2,3,2,2,2,"1,2","1,2",2,"1,3",1,1,2,2,2,2,2,2,3,3,3,3,3,3,2,1,2,2,2,2,"1,2",2,1,1,1,1,2,1,1,1,1,1,"1,2",2,2,2,2,2,"1,2","1,2",1,1,1,1,1,1,1,1,1,1,2,2,2,1,1,1,"1,2",2,2,1,1,1,1,1,1,2,2,2,"1,2",2,2,"1,2",1,2,"1,2",2,2,1,1,1,2,2,1,2,2,2,2,2,2,2,2,2
2023-07-09 02:35:38,2023-07-09 02:49:22,0,90.156.98.208,100,824,1,2023-07-09 02:49:23,R_32L6k3ShqUw5QV3,,,,,51.0308,17.3394,anonymous,EN,"1,2","1,2",1,"1,3",1,3,1,1,1,3,1,3,"2,3",3,3,3,3,3,"2,3",3,3,"1,2,3",2,1,3,3,3,"1,3",1,3,"1,3",3,3,"1,2","1,2",1,"1,3","1,3",1,"1,2,3","1,3",3,"1,2",2,2,,,,,,,,,,,,,,,,,,,,,,,,,,,,,,,,,,,,,,,,,,,,,,,,,,,,,,,,,,,,,,,,,,,,,,,,,,,,,,,,,,,,,,,,,,,,,,,,,,,,,,,,,,,,,,,,,,,,,,,,,,,,,,,,,,,,,,,,
2023-07-09 07:00:49,2023-07-09 07:17:19,0,84.241.206.109,100,990,1,2023-07-09 07:17:20,R_3PtvTV40NEerpOJ,,,,,52.0849,4.3071,anonymous,EN,1,1,,1,,,1,1,,3,3,3,3,3,3,3,3,3,2,1,,3,,,3,,,3,3,3,3,,,1,2,,1,1,1,2,,,1,,,3,,,3,,,3,,,,3,,,2,,,2,,,1,,,2,,,1,,,1,,,,,,3,,,3,,,2,,,"1,3",1,1,1,,,,,,1,1,1,"2,3",,,1,,,1,,,2,,,1,,,2,,,1,,,2,,,2,,,2,,1,,,,,,,,,,,,,,,,,,,,,,,,,,,,,,,,,,1,,,,,,,,,1,,,,,,,,
2023-07-09 10:22:41,2023-07-09 13:12:23,0,188.122.20.100,100,10181,1,2023-07-09 13:12:24,R_2agZCONVUmHLizP,,,,,51.104,17.0388,anonymous,EN,"1,2","1,2",1,1,1,1,,,1,"1,2,3","1,2,3",2,"2,3","2,3",3,3,3,3,3,"1,3",3,3,3,3,2,,2,3,3,3,"1,3","1,3",3,"1,2","1,2",1,1,1,1,"1,2","1,2,3",2,"1,2,3","1,2,3",3,3,3,3,"1,2,3","1,2,3",3,,"1,3","1,3",1,"1,2,3","1,2,3",3,"1,2","1,2",1,"1,2","1,2",1,"1,2,3","1,3",1,"1,2,3","1,2,3",3,"1,2","1,2",1,"1,2,3","1,2,3",3,"2,3",3,3,1,2,2,2,2,2,"1,2,3",3,2,"1,3","1,3",3,,2,2,,,3,,,2,,3,3,,"1,2",2,1,,1,"1,2","1,2",1,"1,2",2,2,"1,2",1,1,1,,1,"1,2","1,2",2,1,,1,"1,2","1,2",1,"1,2","1,2",1,"1,2",1,2,1,,1,"1,2","1,2",2,"1,2","1,2",1,"1,2",2,1,1,,1,1,,1,2,2,2,1,,1,,,1,"1,2","1,2",1,2,,2,2,2,2,2,,2,1,2,1,1,,1
2023-07-09 14:35:32,2023-07-09 14:53:34,0,92.109.28.115,100,1082,1,2023-07-09 14:53:35,R_UYAEh6xGDS3tdBf,,,,,52.3748,4.8513,anonymous,EN,2,1,1,1,1,3,1,1,2,1,3,3,2,2,3,3,3,1,2,2,3,2,2,1,2,2,1,3,3,2,3,1,3,2,2,1,1,1,3,2,2,3,1,2,3,3,3,1,1,3,2,3,3,3,,2,2,2,2,2,2,1,1,2,2,1,2,2,3,2,2,2,1,3,2,2,2,2,1,2,3,3,2,3,3,2,1,3,1,3,3,2,2,1,1,2,3,2,2,3,1,2,3,1,2,3,2,2,1,2,2,1,1,1,1,2,1,2,1,1,1,2,2,1,2,2,2,2,2,1,1,1,2,1,1,2,1,1,2,2,2,1,2,2,1,1,1,1,1,1,1,1,1,1,1,1,1,1,1,1,1,1,1,2,2,1,2,2,1,2,2,1,2,2,2,1,1,1,2,2,1
2023-07-10 07:51:07,2023-07-10 08:18:36,0,130.37.64.200,100,1648,1,2023-07-10 08:18:37,R_C82ygW4MrP0KUff,,,,,52.3665,4.9353,anonymous,EN,"1,2","1,2",1,1,1,3,1,1,1,"1,3",1,3,2,2,2,1,"1,3",1,2,"2,3",3,"2,3",3,2,"2,3",2,3,3,3,3,"1,3","1,3",3,2,"1,2",2,3,1,3,2,2,2,"1,2","1,2",2,3,3,3,3,3,3,,3,3,3,"1,2,3","1,2",2,"1,2","1,2",1,1,1,1,"1,2","1,2",1,2,"1,2",2,2,2,2,"2,3",2,2,"1,2",2,2,"1,2,3",2,2,"2,3",2,2,"1,2",2,2,"1,2",2,2,"2,3",2,2,"1,2",2,2,"1,2","1,2",1,1,1,1,"1,2,3",2,2,"1,2,3",1,1,"1,2",2,2,"1,2",1,1,"1,2",1,1,1,1,1,"1,2",2,2,"1,2",1,1,"1,2",2,2,"1,2",1,1,"1,2",1,1,"1,2",1,1,"1,2","1,2",1,"1,2",1,1,"1,2",2,2,"1,2",1,1,"1,2","1,2",1,2,2,2,"1,2",1,1,"1,2",1,1,"1,2",1,1,"1,2",2,2,"1,2",2,2,"1,2",2,2,"1,2",1,1,"1,2",1,1
2023-07-10 10:37:46,2023-07-10 10:55:53,0,159.48.55.12,100,1087,1,2023-07-10 10:55:54,R_1FCCQNeVM0r4LVh,,,,,52.3759,4.8975,anonymous,EN,1,2,2,1,1,1,1,1,1,1,1,1,2,2,2,3,"2,3",2,2,2,3,3,3,2,2,2,2,3,3,3,"1,3",1,1,"1,2","1,2",2,3,3,3,2,2,2,2,2,2,3,3,3,"1,3","1,3",1,,3,3,3,"1,2,3",2,2,"1,2",2,2,"1,2",2,2,"1,2,3","1,2",1,"1,2,3","1,2,3",2,"1,2",1,1,"2,3",2,3,3,3,2,"2,3","2,3",2,2,2,2,"1,2",2,2,1,1,1,2,2,2,1,1,1,1,1,1,3,3,3,2,2,2,1,2,2,"1,2",2,2,"1,2",2,2,"1,2",2,2,"1,2",2,1,"1,2","1,2",2,"1,2",2,2,"1,2",2,2,"1,2",2,2,"1,2",2,2,"1,2","1,2",1,"1,2","1,2",2,1,1,1,"1,2",2,2,2,2,2,1,1,1,2,2,2,2,2,2,2,2,2,2,2,2,1,1,1,1,1,1,1,1,1,2,2,2,2,2,2
2023-07-11 03:50:29,2023-07-11 04:14:08,0,195.240.255.46,100,1418,1,2023-07-11 04:14:09,R_3fSEkzXkcKYsfyj,,,,,52.1283,4.5891,anonymous,EN,1,2,1,1,2,1,"1,3","1,2",1,1,2,1,"2,3","2,3",3,"1,3","1,2",3,2,"2,3",1,2,3,2,"2,3",2,3,3,"1,3",3,"1,3",1,3,"1,2","1,2",2,"1,3","1,3",1,2,2,1,"1,2",1,1,3,3,3,"1,3","1,3",3,"1,3","1,3","1,3",3,2,"2,3",2,"1,2","1,2",2,"1,2","1,2",1,"1,2","1,2",1,2,2,2,1,1,1,"2,3","2,3",2,3,3,3,"2,3","1,3",2,"2,3","2,3",2,"1,2","1,2",2,"1,3","1,3",3,2,2,2,2,2,2,1,1,1,1,1,1,"1,2","1,2",2,"1,2",1,1,"1,2","1,2",2,1,1,1,"1,2","1,2",2,1,1,1,"1,2","1,2",1,2,2,2,"1,2","1,2",2,2,2,2,"1,2","1,2",1,1,1,1,2,2,2,1,1,1,"1,2","1,2",2,1,1,1,1,1,1,2,2,2,2,2,2,2,2,2,2,2,2,1,1,1,1,1,1,2,2,2,2,2,2,2,2,2
2023-07-13 11:44:22,2023-07-13 12:14:59,0,85.76.77.8,100,1837,1,2023-07-13 12:15:00,R_3PpjikN8DrjKmEE,,,,,60.1797,24.9344,anonymous,EN,1,2,1,1,1,1,1,1,1,1,3,3,2,2,3,2,3,3,2,3,3,3,3,2,3,2,3,3,3,3,1,3,3,2,2,1,1,3,1,2,2,2,1,2,1,3,3,3,1,3,1,,3,3,3,2,2,2,2,2,2,1,1,1,1,1,1,3,"2,3",2,2,2,3,2,2,3,2,2,3,2,2,2,3,3,3,1,1,1,3,3,3,2,2,2,1,1,1,1,1,1,1,1,1,2,2,2,1,1,1,2,2,2,1,1,1,1,1,1,2,2,2,2,2,2,2,2,2,2,2,1,1,1,2,2,2,2,2,2,2,2,2,2,1,1,1,2,2,2,1,1,1,2,2,2,2,2,2,2,2,2,2,2,2,2,2,2,1,1,1,1,1,1,2,2,1,2,1,2,2,2,2
2023-07-17 01:46:44,2023-07-17 02:09:20,0,92.67.66.93,100,1356,1,2023-07-17 02:09:21,R_Cff0o4sKpReaxIB,,,,,51.8612,4.3657,anonymous,EN,"1,2",2,1,1,,1,"1,3",,1,"2,3",,3,"2,3",3,3,"1,3",3,3,"1,2",1,1,,3,2,2,2,2,"1,3",3,1,"1,3","1,3",3,"1,2","1,2",2,"1,3","1,3",1,2,2,2,2,"1,2",2,"2,3",3,2,"1,3",3,3,,"1,3",,1,"1,2,3","2,3",3,2,"1,2",2,"1,2,3","1,2",2,"1,2,3","1,2",1,"1,2",2,2,"1,2","1,2",1,"2,3",,3,"2,3",3,3,"1,3",3,3,"1,2,3",3,3,"1,2","1,2",2,"1,3",3,3,"1,2",1,2,,,1,3,,3,"1,3",1,3,2,,1,2,2,2,"1,2","1,2",1,1,,1,"1,2",1,2,1,1,1,"1,2","1,2",2,"1,2","1,2",1,"1,2","1,2",2,2,,2,"1,2",1,1,"1,2",1,1,"1,2","1,2",1,"1,2",1,1,"1,2","1,2",2,1,1,1,1,,1,2,,2,,,2,,,1,"1,2","1,2",1,2,,2,,,2,,,2,,,2,,,2
