StartDate,EndDate,Status,IPAddress,Progress,Duration (in seconds),Finished,RecordedDate,ResponseId,RecipientLastName,RecipientFirstName,RecipientEmail,ExternalReference,LocationLatitude,LocationLongitude,DistributionChannel,UserLanguage,Part1-Q1_1,Part1-Q1_2,Part1-Q1_3,Part1-Q2_1,Part1-Q2_2,Part1-Q2_3,Part1-Q3_1,Part1-Q3_2,Part1-Q3_3,Part1-Q4_1,Part1-Q4_2,Part1-Q4_3,Part1-Q5_1,Part1-Q5_2,Part1-Q5_3,Part1-Q6_1,Part1-Q6_2,Part1-Q6_3,Part1.1-Q1_1,Part1.1-Q1_2,Part1.1-Q1_3,Part1.1-Q2_1,Part1.1-Q2_2,Part1.1-Q2_3,Part1.1-Q3_1,Part1.1-Q3_2,Part1.1-Q3_3,Part1.1-Q4_1,Part1.1-Q4_2,Part1.1-Q4_3,Part1.1-Q5_1,Part1.1-Q5_2,Part1.1-Q5_3,Part1.1-Q6_1,Part1.1-Q6_2,Part1.1-Q6_3,Part1.2-Q1_1,Part1.2-Q1_2,Part1.2-Q1_3,Part1.2-Q2_1,Part1.2-Q2_2,Part1.2-Q2_3,Part1.2-Q3_1,Part1.2-Q3_2,Part1.2-Q3_3,Part1.2-Q4_1,Part1.2-Q4_2,Part1.2-Q4_3,Part1.2-Q5_1,Part1.2-Q5_2,Part1.2-Q5_3,Part1.2-Q6_1,Part1.2-Q6_2,Part1.2-Q6_3,Part1.2-Q6_4,Part2-Q1_1,Part2-Q1_2,Part2-Q1_3,Part2-Q2_1,Part2-Q2_2,Part2-Q2_3,Part2-Q3_1,Part2-Q3_2,Part2-Q3_3,Part2-Q4_1,Part2-Q4_2,Part2-Q4_3,Part2-Q5_1,Part2-Q5_2,Part2-Q5_3,Part2-Q6_1,Part2-Q6_2,Part2-Q6_3,Part2.1-Q1_1,Part2.1-Q1_2,Part2.1-Q1_3,Part2.1-Q2_1,Part2.1-Q2_2,Part2.1-Q2_3,Part2.1-Q3_1,Part2.1-Q3_2,Part2.1-Q3_3,Part2.1-Q4_1,Part2.1-Q4_2,Part2.1-Q4_3,Part2.1-Q5_1,Part2.1-Q5_2,Part2.1-Q5_3,Part2.1-Q6_1,Part2.1-Q6_2,Part2.1-Q6_3,Part2.2-Q1_1,Part2.2-Q1_2,Part2.2-Q1_3,Part2.2-Q2_1,Part2.2-Q2_2,Part2.2-Q2_3,Part2.2-Q3_1,Part2.2-Q3_2,Part2.2-Q3_3,Part2.2-Q4_1,Part2.2-Q4_2,Part2.2-Q4_3,Part2.2-Q5_1,Part2.2-Q5_2,Part2.2-Q5_3,Part2.2-Q6_1,Part2.2-Q6_2,Part2.2-Q6_3,Part3-Q1_1,Part3-Q1_2,Part3-Q1_3,Part3-Q2_1,Part3-Q2_2,Part3-Q2_3,Part3-Q3_1,Part3-Q3_2,Part3-Q3_3,Part3-Q4_1,Part3-Q4_2,Part3-Q4_3,Part3-Q5_1,Part3-Q5_2,Part3-Q5_3,Part3-Q6_1,Part3-Q6_2,Part3-Q6_3,Part3.1-Q1_1,Part3.1-Q1_2,Part3.1-Q1_3,Part3.1-Q2_1,Part3.1-Q2_2,Part3.1-Q2_3,Part3.1-Q3_1,Part3.1-Q3_2,Part3.1-Q3_3,Part3.1-Q4_1,Part3.1-Q4_2,Part3.1-Q4_3,Part3.1-Q5_1,Part3.1-Q5_2,Part3.1-Q5_3,Part3.1-Q6_1,Part3.1-Q6_2,Part3.1-Q6_3,Part3.2-Q1_1,Part3.2-Q1_2,Part3.2-Q1_3,Part3.2-Q2_1,Part3.2-Q2_2,Part3.2-Q2_3,Part3.2-Q3_1,Part3.2-Q3_2,Part3.2-Q3_3,part3.2-Q4_1,part3.2-Q4_2,part3.2-Q4_3,part3.2-Q5_1,part3.2-Q5_2,part3.2-Q5_3,part3.2-Q6_1,part3.2-Q6_2,part3.2-Q6_3,part3.2-Q1_1,part3.2-Q1_2,part3.2-Q1_3,part3.2-Q2_1,part3.2-Q2_2,part3.2-Q2_3,part3.2-Q3_1,part3.2-Q3_2,part3.2-Q3_3,part3.2-Q4_1,part3.2-Q4_2,part3.2-Q4_3,part3.2-Q5_1,part3.2-Q5_2,part3.2-Q5_3,part3.2-Q6_1,part3.2-Q6_2,part3.2-Q6_3
Start Date,End Date,Response Type,IP Address,Progress,Duration (in seconds),Finished,Recorded Date,Response ID,Recipient Last Name,Recipient First Name,Recipient Email,External Data Reference,Location Latitude,Location Longitude,Distribution Channel,User Language,"Question 1

The Original Image: - a)Which image(s) translates the subject matter in the original painting to something unexpected (object or element of surprise, etc)?

[multiple answers can be selected]","Question 1

The Original Image: - b)Which generated image(s) has unexpected juxtapositions of objects?

[multiple answers can be selected]","Question 1

The Original Image: - c)Which one is the best surrealistic painting among the three paintings, in your opinion?

[only one answer can be selected]","Question 2

The Original Image: - a)Which image(s) translates the subject matter in the original painting to something unexpected (object or element of surprise, etc)?

[multiple answers can be selected]","Question 2

The Original Image: - b)Which generated image(s) has unexpected juxtapositions of objects?

[multiple answers can be selected]","Question 2

The Original Image: - c)Which one is the best surrealistic painting among the three paintings, in your opinion?

[only one answer can be selected]","Question 3

The Original Image: - a)Which image(s) translates the subject matter in the original painting to something unexpected (object or element of surprise, etc)?

[multiple answers can be selected]","Question 3

The Original Image: - b)Which generated image(s) has unexpected juxtapositions of objects?

[multiple answers can be selected]","Question 3

The Original Image: - c)Which one is the best surrealistic painting among the three paintings, in your opinion?

[only one answer can be selected]","Question 4

The Original Image: - a)Which image(s) translates the subject matter in the original painting to something unexpected (object or element of surprise, etc)?

[multiple answers can be selected]","Question 4

The Original Image: - b)Which generated image(s) has unexpected juxtapositions of objects?

[multiple answers can be selected]","Question 4

The Original Image: - c)Which one is the best surrealistic painting among the three paintings, in your opinion?

[only one answer can be selected]","Question 5

The Original Image: - a)Which image(s) translates the subject matter in the original painting to something unexpected (object or element of surprise, etc)?

[multiple answers can be selected]","Question 5

The Original Image: - b)Which generated image(s) has unexpected juxtapositions of objects?

[multiple answers can be selected]","Question 5

The Original Image: - c)Which one is the best surrealistic painting among the three paintings, in your opinion?

[only one answer can be selected]","Question 6

The Original Image: - a)Which image(s) translates the subject matter in the original painting to something unexpected (object or element of surprise, etc)?

[multiple answers can be selected]","Question 6

The Original Image: - b)Which generated image(s) has unexpected juxtapositions of objects?

[multiple answers can be selected]","Question 6

The Original Image: - c)Which one is the best surrealistic painting among the three paintings, in your opinion?

[only one answer can be selected]","Question 7 

The Original Image: - a)Which image(s) translates the subject matter in the original painting to something unexpected (object or element of surprise, etc)?

[multiple answers can be selected]","Question 7 

The Original Image: - b)Which generated image(s) has unexpected juxtapositions of objects?

[multiple answers can be selected]","Question 7 

The Original Image: - c)Which one is the best surrealistic painting among the three paintings, in your opinion?

[only one answer can be selected]","Question 8

The Original Image: - a)Which image(s) translates the subject matter in the original painting to something unexpected (object or element of surprise, etc)?

[multiple answers can be selected]","Question 8

The Original Image: - b)Which generated image(s) has unexpected juxtapositions of objects?

[multiple answers can be selected]","Question 8

The Original Image: - c)Which one is the best surrealistic painting among the three paintings, in your opinion?

[only one answer can be selected]","Question 9

The Original Image: - a)Which image(s) translates the subject matter in the original painting to something unexpected (object or element of surprise, etc)?

[multiple answers can be selected]","Question 9

The Original Image: - b)Which generated image(s) has unexpected juxtapositions of objects?

[multiple answers can be selected]","Question 9

The Original Image: - c)Which one is the best surrealistic painting among the three paintings, in your opinion?

[only one answer can be selected]","Question 10

The Original Image: - a)Which image(s) translates the subject matter in the original painting to something unexpected (object or element of surprise, etc)?

[multiple answers can be selected]","Question 10

The Original Image: - b)Which generated image(s) has unexpected juxtapositions of objects?

[multiple answers can be selected]","Question 10

The Original Image: - c)Which one is the best surrealistic painting among the three paintings, in your opinion?

[only one answer can be selected]","Question 11

The Original Image: - a)Which image(s) translates the subject matter in the original painting to something unexpected (object or element of surprise, etc)?

[multiple answers can be selected]","Question 11

The Original Image: - b)Which generated image(s) has unexpected juxtapositions of objects?

[multiple answers can be selected]","Question 11

The Original Image: - c)Which one is the best surrealistic painting among the three paintings, in your opinion?

[only one answer can be selected]","Question 12

The Original Image: - a)Which image(s) translates the subject matter in the original painting to something unexpected (object or element of surprise, etc)?

[multiple answers can be selected]","Question 12

The Original Image: - b)Which generated image(s) has unexpected juxtapositions of objects?

[multiple answers can be selected]","Question 12

The Original Image: - c)Which one is the best surrealistic painting among the three paintings, in your opinion?

[only one answer can be selected]","Question 13

The Original Image: - a)Which image(s) translates the subject matter in the original painting to something unexpected (object or element of surprise, etc)?

[multiple answers can be selected]","Question 13

The Original Image: - b)Which generated image(s) has unexpected juxtapositions of objects?

[multiple answers can be selected]","Question 13

The Original Image: - c)Which one is the best surrealistic painting among the three paintings, in your opinion?

[only one answer can be selected]","Question 14

The Original Image: - a)Which image(s) translates the subject matter in the original painting to something unexpected (object or element of surprise, etc)?

[multiple answers can be selected]","Question 14

The Original Image: - b)Which generated image(s) has unexpected juxtapositions of objects?

[multiple answers can be selected]","Question 14

The Original Image: - c)Which one is the best surrealistic painting among the three paintings, in your opinion?

[only one answer can be selected]","Question 15

The Original Image: - a)Which image(s) translates the subject matter in the original painting to something unexpected (object or element of surprise, etc)?

[multiple answers can be selected]","Question 15

The Original Image: - b)Which generated image(s) has unexpected juxtapositions of objects?

[multiple answers can be selected]","Question 15

The Original Image: - c)Which one is the best surrealistic painting among the three paintings, in your opinion?

[only one answer can be selected]","Question 16

The Original Image: - a)Which image(s) translates the subject matter in the original painting to something unexpected (object or element of surprise, etc)?

[multiple answers can be selected]","Question 16

The Original Image: - b)Which generated image(s) has unexpected juxtapositions of objects?

[multiple answers can be selected]","Question 16

The Original Image: - c)Which one is the best surrealistic painting among the three paintings, in your opinion?

[only one answer can be selected]","Question 17

The Original Image: - a)Which image(s) translates the subject matter in the original painting to something unexpected (object or element of surprise, etc)?

[multiple answers can be selected]","Question 17

The Original Image: - b)Which generated image(s) has unexpected juxtapositions of objects?

[multiple answers can be selected]","Question 17

The Original Image: - c)Which one is the best surrealistic painting among the three paintings, in your opinion?

[only one answer can be selected]","Question 18

The Original Image: - 1","Question 18

The Original Image: - a)Which image(s) translates the subject matter in the original painting to something unexpected (object or element of surprise, etc)?

[multiple answers can be selected]","Question 18

The Original Image: - b)Which generated image(s) has unexpected juxtapositions of objects?

[multiple answers can be selected]","Question 18

The Original Image: - c)Which one is the best surrealistic painting among the three paintings, in your opinion?

[only one answer can be selected]","Question 19

The Original Image: - a)Which image(s) translates the subject matter in the original painting to something unexpected (object or element of surprise, etc)?

[multiple answers can be selected]","Question 19

The Original Image: - b)Which generated image(s) has unexpected juxtapositions of objects?

[multiple answers can be selected]","Question 19

The Original Image: - c)Which one is the best surrealistic painting among the three paintings, in your opinion?

[only one answer can be selected]","Question 20

The Original Image: - a)Which image(s) translates the subject matter in the original painting to something unexpected (object or element of surprise, etc)?

[multiple answers can be selected]","Question 20

The Original Image: - b)Which generated image(s) has unexpected juxtapositions of objects?

[multiple answers can be selected]","Question 20

The Original Image: - c)Which one is the best surrealistic painting among the three paintings, in your opinion?

[only one answer can be selected]","Question 21

The Original Image: - a)Which image(s) translates the subject matter in the original painting to something unexpected (object or element of surprise, etc)?

[multiple answers can be selected]","Question 21

The Original Image: - b)Which generated image(s) has unexpected juxtapositions of objects?

[multiple answers can be selected]","Question 21

The Original Image: - c)Which one is the best surrealistic painting among the three paintings, in your opinion?

[only one answer can be selected]","Question 22

The Original Image: - a)Which image(s) translates the subject matter in the original painting to something unexpected (object or element of surprise, etc)?

[multiple answers can be selected]","Question 22

The Original Image: - b)Which generated image(s) has unexpected juxtapositions of objects?

[multiple answers can be selected]","Question 22

The Original Image: - c)Which one is the best surrealistic painting among the three paintings, in your opinion?

[only one answer can be selected]","Question 23

The Original Image: - a)Which image(s) translates the subject matter in the original painting to something unexpected (object or element of surprise, etc)?

[multiple answers can be selected]","Question 23

The Original Image: - b)Which generated image(s) has unexpected juxtapositions of objects?

[multiple answers can be selected]","Question 23

The Original Image: - c)Which one is the best surrealistic painting among the three paintings, in your opinion?

[only one answer can be selected]","Question 24

The Original Image: - a)Which image(s) translates the subject matter in the original painting to something unexpected (object or element of surprise, etc)?

[multiple answers can be selected]","Question 24

The Original Image: - b)Which generated image(s) has unexpected juxtapositions of objects?

[multiple answers can be selected]","Question 24

The Original Image: - c)Which one is the best surrealistic painting among the three paintings, in your opinion?

[only one answer can be selected]","Question 25

The Original Image: - a)Which image(s) translates the subject matter in the original painting to something unexpected (object or element of surprise, etc)?

[multiple answers can be selected]","Question 25

The Original Image: - b)Which generated image(s) has unexpected juxtapositions of objects?

[multiple answers can be selected]","Question 25

The Original Image: - c)Which one is the best surrealistic painting among the three paintings, in your opinion?

[only one answer can be selected]","Question 26

The Original Image: - a)Which image(s) translates the subject matter in the original painting to something unexpected (object or element of surprise, etc)?

[multiple answers can be selected]","Question 26

The Original Image: - b)Which generated image(s) has unexpected juxtapositions of objects?

[multiple answers can be selected]","Question 26

The Original Image: - c)Which one is the best surrealistic painting among the three paintings, in your opinion?

[only one answer can be selected]","Question 27

The Original Image: - a)Which image(s) translates the subject matter in the original painting to something unexpected (object or element of surprise, etc)?

[multiple answers can be selected]","Question 27

The Original Image: - b)Which generated image(s) has unexpected juxtapositions of objects?

[multiple answers can be selected]","Question 27

The Original Image: - c)Which one is the best surrealistic painting among the three paintings, in your opinion?

[only one answer can be selected]","Question 28

The Original Image: - a)Which image(s) translates the subject matter in the original painting to something unexpected (object or element of surprise, etc)?

[multiple answers can be selected]","Question 28

The Original Image: - b)Which generated image(s) has unexpected juxtapositions of objects?

[multiple answers can be selected]","Question 28

The Original Image: - c)Which one is the best surrealistic painting among the three paintings, in your opinion?

[only one answer can be selected]","Question 29

The Original Image: - a)Which image(s) translates the subject matter in the original painting to something unexpected (object or element of surprise, etc)?

[multiple answers can be selected]","Question 29

The Original Image: - b)Which generated image(s) has unexpected juxtapositions of objects?

[multiple answers can be selected]","Question 29

The Original Image: - c)Which one is the best surrealistic painting among the three paintings, in your opinion?

[only one answer can be selected]","Question 30

The Original Image: - a)Which image(s) translates the subject matter in the original painting to something unexpected (object or element of surprise, etc)?

[multiple answers can be selected]","Question 30

The Original Image: - b)Which generated image(s) has unexpected juxtapositions of objects?

[multiple answers can be selected]","Question 30

The Original Image: - c)Which one is the best surrealistic painting among the three paintings, in your opinion?

[only one answer can be selected]","Question 31

The Original Image: - a)Which image(s) translates the subject matter in the original painting to something unexpected (object or element of surprise, etc)?

[multiple answers can be selected]","Question 31

The Original Image: - b)Which generated image(s) has unexpected juxtapositions of objects?

[multiple answers can be selected]","Question 31

The Original Image: - c)Which one is the best surrealistic painting among the three paintings, in your opinion?

[only one answer can be selected]","Question 32

The Original Image: - a)Which image(s) translates the subject matter in the original painting to something unexpected (object or element of surprise, etc)?

[multiple answers can be selected]","Question 32

The Original Image: - b)Which generated image(s) has unexpected juxtapositions of objects?

[multiple answers can be selected]","Question 32

The Original Image: - c)Which one is the best surrealistic painting among the three paintings, in your opinion?

[only one answer can be selected]","Question 33

The Original Image: - a)Which image(s) translates the subject matter in the original painting to something unexpected (object or element of surprise, etc)?

[multiple answers can be selected]","Question 33

The Original Image: - b)Which generated image(s) has unexpected juxtapositions of objects?

[multiple answers can be selected]","Question 33

The Original Image: - c)Which one is the best surrealistic painting among the three paintings, in your opinion?

[only one answer can be selected]","Question 34

The Original Image: - a)Which image(s) translates the subject matter in the original painting to something unexpected (object or element of surprise, etc)?

[multiple answers can be selected]","Question 34

The Original Image: - b)Which generated image(s) has unexpected juxtapositions of objects?

[multiple answers can be selected]","Question 34

The Original Image: - c)Which one is the best surrealistic painting among the three paintings, in your opinion?

[only one answer can be selected]","Question 35

The Original Image: - a)Which image(s) translates the subject matter in the original painting to something unexpected (object or element of surprise, etc)?

[multiple answers can be selected]","Question 35

The Original Image: - b)Which generated image(s) has unexpected juxtapositions of objects?

[multiple answers can be selected]","Question 35

The Original Image: - c)Which one is the best surrealistic painting among the three paintings, in your opinion?

[only one answer can be selected]","Question 36

The Original Image: - a)Which image(s) translates the subject matter in the original painting to something unexpected (object or element of surprise, etc)?

[multiple answers can be selected]","Question 36

The Original Image: - b)Which generated image(s) has unexpected juxtapositions of objects?

[multiple answers can be selected]","Question 36

The Original Image: - c)Which one is the best surrealistic painting among the three paintings, in your opinion?

[only one answer can be selected]","Question 37

The Original Image: - Which image(s) translates the subject matter in the original painting to something unexpected (object or element of surprise, etc)? [multiple answers can be selected]","Question 37

The Original Image: - Which generated image(s) has unexpected juxtapositions of objects? [multiple answers can be selected]","Question 37

The Original Image: - Which one is the best surrealistic painting among the three paintings, in your opinion? [only one answer  can be selected]","Question 38

The Original Image: - a)Which image(s) translates the subject matter in the original painting to something unexpected (object or element of surprise, etc)?

[multiple answers can be selected]","Question 38

The Original Image: - b)Which generated image(s) has unexpected juxtapositions of objects?

[multiple answers can be selected]","Question 38

The Original Image: - c)Which one is the best surrealistic painting among the three paintings, in your opinion?

[only one answer can be selected]","Question 39

The Original Image: - a)Which image(s) translates the subject matter in the original painting to something unexpected (object or element of surprise, etc)?

[multiple answers can be selected]","Question 39

The Original Image: - b)Which generated image(s) has unexpected juxtapositions of objects?

[multiple answers can be selected]","Question 39

The Original Image: - c)Which one is the best surrealistic painting among the three paintings, in your opinion?

[only one answer can be selected]","Question 40

The Original Image: - a)Which image(s) translates the subject matter in the original painting to something unexpected (object or element of surprise, etc)?

[multiple answers can be selected]","Question 40

The Original Image: - b)Which generated image(s) has unexpected juxtapositions of objects?

[multiple answers can be selected]","Question 40

The Original Image: - c)Which one is the best surrealistic painting among the three paintings, in your opinion?

[only one answer can be selected]","Question 41

The Original Image: - a)Which image(s) translates the subject matter in the original painting to something unexpected (object or element of surprise, etc)?

[multiple answers can be selected]","Question 41

The Original Image: - b)Which generated image(s) has unexpected juxtapositions of objects?

[multiple answers can be selected]","Question 41

The Original Image: - c)Which one is the best surrealistic painting among the three paintings, in your opinion?

[only one answer can be selected]","Question 42

The Original Image: - a)Which image(s) translates the subject matter in the original painting to something unexpected (object or element of surprise, etc)?

[multiple answers can be selected]","Question 42

The Original Image: - b)Which generated image(s) has unexpected juxtapositions of objects?

[multiple answers can be selected]","Question 42

The Original Image: - c)Which one is the best surrealistic painting among the three paintings, in your opinion?

[only one answer can be selected]","Question 43

The Original Image: - a)Which image(s) translates the subject matter in the original painting to something unexpected (object or element of surprise, etc)?

[multiple answers can be selected]","Question 43

The Original Image: - b)Which generated image(s) has unexpected juxtapositions of objects?

[multiple answers can be selected]","Question 43

The Original Image: - c)Which one is the best surrealistic painting among the three paintings, in your opinion?

[only one answer can be selected]","Question 44

The Original Image: - a)Which image(s) translates the subject matter in the original painting to something unexpected (object or element of surprise, etc)?

[multiple answers can be selected]","Question 44

The Original Image: - b)Which generated image(s) has unexpected juxtapositions of objects?

[multiple answers can be selected]","Question 44

The Original Image: - c)Which one is the best surrealistic painting among the three paintings, in your opinion?

[only one answer can be selected]","Question 45

The Original Image: - a)Which image(s) translates the subject matter in the original painting to something unexpected (object or element of surprise, etc)?

[multiple answers can be selected]","Question 45

The Original Image: - b)Which generated image(s) has unexpected juxtapositions of objects?

[multiple answers can be selected]","Question 45

The Original Image: - c)Which one is the best surrealistic painting among the three paintings, in your opinion?

[only one answer can be selected]","Question 46

The Original Image: - a)Which image(s) translates the subject matter in the original painting to something unexpected (object or element of surprise, etc)?

[multiple answers can be selected]","Question 46

The Original Image: - b)Which generated image(s) has unexpected juxtapositions of objects?

[multiple answers can be selected]","Question 46

The Original Image: - c)Which one is the best surrealistic painting among the three paintings, in your opinion?

[only one answer can be selected]","Question 47

The Original Image: - a)Which image(s) translates the subject matter in the original painting to something unexpected (object or element of surprise, etc)?

[multiple answers can be selected]","Question 47

The Original Image: - b)Which generated image(s) has unexpected juxtapositions of objects?

[multiple answers can be selected]","Question 47

The Original Image: - c)Which one is the best surrealistic painting among the three paintings, in your opinion?

[only one answer can be selected]","Question 48

The Original Image: - a)Which image(s) translates the subject matter in the original painting to something unexpected (object or element of surprise, etc)?

[multiple answers can be selected]","Question 48

The Original Image: - b)Which generated image(s) has unexpected juxtapositions of objects?

[multiple answers can be selected]","Question 48

The Original Image: - c)Which one is the best surrealistic painting among the three paintings, in your opinion?

[only one answer can be selected]","Question 49

The Original Image: - a)Which image(s) translates the subject matter in the original painting to something unexpected (object or element of surprise, etc)?

[multiple answers can be selected]","Question 49

The Original Image: - b)Which generated image(s) has unexpected juxtapositions of objects?

[multiple answers can be selected]","Question 49

The Original Image: - c)Which one is the best surrealistic painting among the three paintings, in your opinion?

[only one answer can be selected]","Question 50

The Original Image: - a)Which image(s) translates the subject matter in the original painting to something unexpected (object or element of surprise, etc)?

[multiple answers can be selected]","Question 50

The Original Image: - b)Which generated image(s) has unexpected juxtapositions of objects?

[multiple answers can be selected]","Question 50

The Original Image: - c)Which one is the best surrealistic painting among the three paintings, in your opinion?

[only one answer can be selected]","Question 51

The Original Image: - a)Which image(s) translates the subject matter in the original painting to something unexpected (object or element of surprise, etc)?

[multiple answers can be selected]","Question 51

The Original Image: - b)Which generated image(s) has unexpected juxtapositions of objects?

[multiple answers can be selected]","Question 51

The Original Image: - c)Which one is the best surrealistic painting among the three paintings, in your opinion?

[only one answer can be selected]","Question 52

The Original Image: - a)Which image(s) translates the subject matter in the original painting to something unexpected (object or element of surprise, etc)?

[multiple answers can be selected]","Question 52

The Original Image: - b)Which generated image(s) has unexpected juxtapositions of objects?

[multiple answers can be selected]","Question 52

The Original Image: - c)Which one is the best surrealistic painting among the three paintings, in your opinion?

[only one answer can be selected]","Question 53

The Original Image: - a)Which image(s) translates the subject matter in the original painting to something unexpected (object or element of surprise, etc)?

[multiple answers can be selected]","Question 53

The Original Image: - b)Which generated image(s) has unexpected juxtapositions of objects?

[multiple answers can be selected]","Question 53

The Original Image: - c)Which one is the best surrealistic painting among the three paintings, in your opinion?

[only one answer can be selected]","Question 54

The Original Image: - a)Which image(s) translates the subject matter in the original painting to something unexpected (object or element of surprise, etc)?

[multiple answers can be selected]","Question 54

The Original Image: - b)Which generated image(s) has unexpected juxtapositions of objects?

[multiple answers can be selected]","Question 54

The Original Image: - c)Which one is the best surrealistic painting among the three paintings, in your opinion?

[only one answer can be selected]","Question 55

The Original Image: - a)Which image(s) translates the subject matter in the original painting to something unexpected (object or element of surprise, etc)?

[multiple answers can be selected]","Question 55

The Original Image: - b)Which generated image(s) has unexpected juxtapositions of objects?

[multiple answers can be selected]","Question 55

The Original Image: - c)Which one is the best surrealistic painting among the three paintings, in your opinion?

[only one answer can be selected]","Question 56

The Original Image: - a)Which image(s) translates the subject matter in the original painting to something unexpected (object or element of surprise, etc)?

[multiple answers can be selected]","Question 56

The Original Image: - b)Which generated image(s) has unexpected juxtapositions of objects?

[multiple answers can be selected]","Question 56

The Original Image: - c)Which one is the best surrealistic painting among the three paintings, in your opinion?

[only one answer can be selected]","Question 57

The Original Image: - a)Which image(s) translates the subject matter in the original painting to something unexpected (object or element of surprise, etc)?

[multiple answers can be selected]","Question 57

The Original Image: - b)Which generated image(s) has unexpected juxtapositions of objects?

[multiple answers can be selected]","Question 57

The Original Image: - c)Which one is the best surrealistic painting among the three paintings, in your opinion?

[only one answer can be selected]","Question 58

The Original Image: - a)Which image(s) translates the subject matter in the original painting to something unexpected (object or element of surprise, etc)?

[multiple answers can be selected]","Question 58

The Original Image: - b)Which generated image(s) has unexpected juxtapositions of objects?

[multiple answers can be selected]","Question 58

The Original Image: - c)Which one is the best surrealistic painting among the three paintings, in your opinion?

[only one answer can be selected]","Question 59

The Original Image : - a)Which image(s) translates the subject matter in the original painting to something unexpected (object or element of surprise, etc)?

[multiple answers can be selected]","Question 59

The Original Image : - b)Which generated image(s) has unexpected juxtapositions of objects?

[multiple answers can be selected]","Question 59

The Original Image : - c)Which one is the best surrealistic painting among the three paintings, in your opinion?

[only one answer can be selected]","Question 60

The Original Image: - a)Which image(s) translates the subject matter in the original painting to something unexpected (object or element of surprise, etc)?

[multiple answers can be selected]","Question 60

The Original Image: - b)Which generated image(s) has unexpected juxtapositions of objects?

[multiple answers can be selected]","Question 60

The Original Image: - c)Which one is the best surrealistic painting among the three paintings, in your opinion?

[only one answer can be selected]"
"{""ImportId"":""startDate"",""timeZone"":""America/Denver""}","{""ImportId"":""endDate"",""timeZone"":""America/Denver""}","{""ImportId"":""status""}","{""ImportId"":""ipAddress""}","{""ImportId"":""progress""}","{""ImportId"":""duration""}","{""ImportId"":""finished""}","{""ImportId"":""recordedDate"",""timeZone"":""America/Denver""}","{""ImportId"":""_recordId""}","{""ImportId"":""recipientLastName""}","{""ImportId"":""recipientFirstName""}","{""ImportId"":""recipientEmail""}","{""ImportId"":""externalDataReference""}","{""ImportId"":""locationLatitude""}","{""ImportId"":""locationLongitude""}","{""ImportId"":""distributionChannel""}","{""ImportId"":""userLanguage""}","{""ImportId"":""QID82_1""}","{""ImportId"":""QID82_2""}","{""ImportId"":""QID82_3""}","{""ImportId"":""QID3_1""}","{""ImportId"":""QID3_3""}","{""ImportId"":""QID3_5""}","{""ImportId"":""QID4_1""}","{""ImportId"":""QID4_6""}","{""ImportId"":""QID4_7""}","{""ImportId"":""QID5_1""}","{""ImportId"":""QID5_2""}","{""ImportId"":""QID5_3""}","{""ImportId"":""QID6_1""}","{""ImportId"":""QID6_2""}","{""ImportId"":""QID6_3""}","{""ImportId"":""QID7_1""}","{""ImportId"":""QID7_2""}","{""ImportId"":""QID7_3""}","{""ImportId"":""QID8_1""}","{""ImportId"":""QID8_2""}","{""ImportId"":""QID8_3""}","{""ImportId"":""QID9_1""}","{""ImportId"":""QID9_2""}","{""ImportId"":""QID9_3""}","{""ImportId"":""QID10_1""}","{""ImportId"":""QID10_2""}","{""ImportId"":""QID10_3""}","{""ImportId"":""QID11_1""}","{""ImportId"":""QID11_2""}","{""ImportId"":""QID11_3""}","{""ImportId"":""QID12_1""}","{""ImportId"":""QID12_2""}","{""ImportId"":""QID12_3""}","{""ImportId"":""QID13_1""}","{""ImportId"":""QID13_2""}","{""ImportId"":""QID13_3""}","{""ImportId"":""QID20_1""}","{""ImportId"":""QID20_2""}","{""ImportId"":""QID20_3""}","{""ImportId"":""QID21_1""}","{""ImportId"":""QID21_2""}","{""ImportId"":""QID21_3""}","{""ImportId"":""QID22_1""}","{""ImportId"":""QID22_2""}","{""ImportId"":""QID22_3""}","{""ImportId"":""QID23_1""}","{""ImportId"":""QID23_2""}","{""ImportId"":""QID23_3""}","{""ImportId"":""QID24_1""}","{""ImportId"":""QID24_2""}","{""ImportId"":""QID24_3""}","{""ImportId"":""QID25_1""}","{""ImportId"":""QID25_2""}","{""ImportId"":""QID25_3""}","{""ImportId"":""QID25_4""}","{""ImportId"":""QID26_1""}","{""ImportId"":""QID26_2""}","{""ImportId"":""QID26_5""}","{""ImportId"":""QID27_1""}","{""ImportId"":""QID27_2""}","{""ImportId"":""QID27_3""}","{""ImportId"":""QID28_1""}","{""ImportId"":""QID28_2""}","{""ImportId"":""QID28_3""}","{""ImportId"":""QID32_1""}","{""ImportId"":""QID32_2""}","{""ImportId"":""QID32_5""}","{""ImportId"":""QID33_11""}","{""ImportId"":""QID33_12""}","{""ImportId"":""QID33_13""}","{""ImportId"":""QID35_1""}","{""ImportId"":""QID35_2""}","{""ImportId"":""QID35_3""}","{""ImportId"":""QID36_1""}","{""ImportId"":""QID36_2""}","{""ImportId"":""QID36_3""}","{""ImportId"":""QID37_1""}","{""ImportId"":""QID37_2""}","{""ImportId"":""QID37_3""}","{""ImportId"":""QID38_1""}","{""ImportId"":""QID38_2""}","{""ImportId"":""QID38_3""}","{""ImportId"":""QID39_1""}","{""ImportId"":""QID39_2""}","{""ImportId"":""QID39_3""}","{""ImportId"":""QID41_7""}","{""ImportId"":""QID41_8""}","{""ImportId"":""QID41_9""}","{""ImportId"":""QID42_7""}","{""ImportId"":""QID42_9""}","{""ImportId"":""QID42_11""}","{""ImportId"":""QID43_1""}","{""ImportId"":""QID43_2""}","{""ImportId"":""QID43_3""}","{""ImportId"":""QID44_1""}","{""ImportId"":""QID44_2""}","{""ImportId"":""QID44_3""}","{""ImportId"":""QID46_1""}","{""ImportId"":""QID46_2""}","{""ImportId"":""QID46_3""}","{""ImportId"":""QID47_1""}","{""ImportId"":""QID47_2""}","{""ImportId"":""QID47_3""}","{""ImportId"":""QID48_1""}","{""ImportId"":""QID48_2""}","{""ImportId"":""QID48_3""}","{""ImportId"":""QID49_1""}","{""ImportId"":""QID49_2""}","{""ImportId"":""QID49_3""}","{""ImportId"":""QID51_1""}","{""ImportId"":""QID51_2""}","{""ImportId"":""QID51_3""}","{""ImportId"":""QID52_1""}","{""ImportId"":""QID52_2""}","{""ImportId"":""QID52_3""}","{""ImportId"":""QID53_1""}","{""ImportId"":""QID53_2""}","{""ImportId"":""QID53_3""}","{""ImportId"":""QID54_1""}","{""ImportId"":""QID54_2""}","{""ImportId"":""QID54_3""}","{""ImportId"":""QID55_1""}","{""ImportId"":""QID55_2""}","{""ImportId"":""QID55_3""}","{""ImportId"":""QID56_1""}","{""ImportId"":""QID56_2""}","{""ImportId"":""QID56_3""}","{""ImportId"":""QID57_1""}","{""ImportId"":""QID57_2""}","{""ImportId"":""QID57_3""}","{""ImportId"":""QID59_1""}","{""ImportId"":""QID59_2""}","{""ImportId"":""QID59_3""}","{""ImportId"":""QID60_1""}","{""ImportId"":""QID60_2""}","{""ImportId"":""QID60_3""}","{""ImportId"":""QID61_1""}","{""ImportId"":""QID61_2""}","{""ImportId"":""QID61_3""}","{""ImportId"":""QID62_1""}","{""ImportId"":""QID62_2""}","{""ImportId"":""QID62_3""}","{""ImportId"":""QID63_1""}","{""ImportId"":""QID63_2""}","{""ImportId"":""QID63_3""}","{""ImportId"":""QID64_1""}","{""ImportId"":""QID64_2""}","{""ImportId"":""QID64_3""}","{""ImportId"":""QID65_1""}","{""ImportId"":""QID65_2""}","{""ImportId"":""QID65_3""}","{""ImportId"":""QID66_1""}","{""ImportId"":""QID66_2""}","{""ImportId"":""QID66_3""}","{""ImportId"":""QID67_1""}","{""ImportId"":""QID67_2""}","{""ImportId"":""QID67_3""}","{""ImportId"":""QID69_1""}","{""ImportId"":""QID69_2""}","{""ImportId"":""QID69_3""}","{""ImportId"":""QID68_1""}","{""ImportId"":""QID68_2""}","{""ImportId"":""QID68_3""}","{""ImportId"":""QID71_1""}","{""ImportId"":""QID71_2""}","{""ImportId"":""QID71_3""}","{""ImportId"":""QID70_1""}","{""ImportId"":""QID70_2""}","{""ImportId"":""QID70_3""}","{""ImportId"":""QID72_1""}","{""ImportId"":""QID72_2""}","{""ImportId"":""QID72_3""}","{""ImportId"":""QID73_1""}","{""ImportId"":""QID73_2""}","{""ImportId"":""QID73_3""}","{""ImportId"":""QID74_1""}","{""ImportId"":""QID74_2""}","{""ImportId"":""QID74_3""}","{""ImportId"":""QID75_1""}","{""ImportId"":""QID75_2""}","{""ImportId"":""QID75_3""}"
2023-06-30 08:12:47,2023-06-30 08:15:11,Survey Preview,,100,144,True,2023-06-30 08:15:14,R_5nlSXb3teVfdsI1,,,,,52.3327,4.9599,preview,EN,,,,,,,,,,,,,,,,,,,,,,,,,,,,,,,,,,,,,,,,,,,,,,,,,,,,,,,,,,,,,,,,,,,,,,,,,,,,,,,,,,,,,,,,,,,,,,,,,,,,,,,,,,,,,,,,,,,,,,,,,,,,,,,,,,,,,,,,,,,,,,,,,,,,,,,,,,,,,,,,,,,,,,,,,,,,,,,,,,,,,
2023-07-06 03:13:00,2023-07-06 03:16:47,Survey Preview,,100,227,True,2023-07-06 03:16:48,R_1lmhaGGXcDu1TIa,,,,,52.3584,4.8295,preview,EN,,,,,,,,,,,,,,,,,,,,,,,,,,,,,,,,,,,,,,,,,,,,,,,,,,,,,,,,,,,,,,,,,,,,,,,,,,,,,,,,,,,,,,,,,,,,,,,,,,,,,,,,,,,,,,,,,,,,,,,,,,,,,,,,,,,,,,,,,,,,,,,,,,,,,,,,,,,,,,,,,,,,,,,,,,,,,,,,,,,,,
2023-07-06 07:04:27,2023-07-06 07:26:36,Survey Preview,,100,1329,True,2023-07-06 07:26:38,R_1N2fPIHm7wssKFY,,,,,52.3564,4.8802,preview,EN,,,,,,,,,,,,,,,,,,,,,,,,,,,,,,,,,,,,,,,,,,,,,,,,,,,,,,,,,,,,,,,,,,,,,,,,,,,,,,,,,,,,,,,,,,,,,,,,,,,,,,,,,,,,,,,,,,,,,,,,,,,,,,,,,,,,,,,,,,,,,,,,,,,,,,,,,,,,,,,,,,,,,,,,,,,,,,,,,,,,,
2023-07-07 01:14:22,2023-07-07 01:15:10,IP Address,77.175.212.78,100,48,True,2023-07-07 01:15:11,R_30hII1VagKXbPgk,,,,,52.3584,4.8295,anonymous,EN,,,,,,,,,,,,,,,,,,,,,,,,,,,,,,,,,,,,,,,,,,,,,,,,,,,,,,,,,,,,,,,,,,,,,,,,,,,,,,,,,,,,,,,,,,,,,,,,,,,,,,,,,,,,,,,,,,,,,,,,,,,,,,,,,,,,,,,,,,,,,,,,,,,,,,,,,,,,,,,,,,,,,,,,,,,,,,,,,,,,,
2023-07-07 02:16:25,2023-07-07 02:41:39,IP Address,95.5.31.125,100,1514,True,2023-07-07 02:41:40,R_3oNhaupAHvWrHf7,,,,,41.0197,28.9757,anonymous,EN,IM_0Gr4JX0vnEV3Z6C,,,IM_3mcP4wbCDrzIyLI,IM_3mcP4wbCDrzIyLI,IM_3mcP4wbCDrzIyLI,IM_838DoGpbYRXYKk6,IM_838DoGpbYRXYKk6,IM_838DoGpbYRXYKk6,IM_5w46lpX2ag4zZ2K,IM_9tPyVcOka2Ywa8K,IM_5w46lpX2ag4zZ2K,"IM_7803uAMyMWJFCqq,IM_5BZZrxg1vRvPHQa",,IM_7803uAMyMWJFCqq,"IM_3OYXy3jynJvizOu,IM_08U6ei1VUirlI5o",IM_3OYXy3jynJvizOu,IM_08U6ei1VUirlI5o,IM_0B7LePDdfeTNE10,"IM_0fBDj7fT2PlZVdQ,IM_0B7LePDdfeTNE10",IM_0fBDj7fT2PlZVdQ,IM_cAVQd7XcjBeijv8,IM_cAVQd7XcjBeijv8,IM_cAVQd7XcjBeijv8,IM_7VdJfu6Fccuami2,IM_0O0uSdPiCUgpLbE,IM_2mY3pou1Ry45fXE,IM_0JVAhyzuuIn4IGq,IM_0JVAhyzuuIn4IGq,IM_0JVAhyzuuIn4IGq,IM_57j13y5Du7IgCyi,IM_ezzDs79gqviS5cW,IM_57j13y5Du7IgCyi,IM_dg8WBOnhKcxtFB4,IM_dg8WBOnhKcxtFB4,IM_dg8WBOnhKcxtFB4,IM_ai21SYT8tyfEK3A,IM_ai21SYT8tyfEK3A,IM_ai21SYT8tyfEK3A,IM_9KwJqaJV7NZDgSW,IM_9KwJqaJV7NZDgSW,IM_9KwJqaJV7NZDgSW,IM_cCRN0AM0mVJhbim,IM_cCRN0AM0mVJhbim,IM_cCRN0AM0mVJhbim,IM_1S5y37ciqR6iVvM,IM_1S5y37ciqR6iVvM,IM_1S5y37ciqR6iVvM,IM_cC0UhmwXCnrUfJk,IM_cC0UhmwXCnrUfJk,IM_cC0UhmwXCnrUfJk,IM_88OeIHaKVKYlxK6,IM_88OeIHaKVKYlxK6,IM_88OeIHaKVKYlxK6,IM_88OeIHaKVKYlxK6,"IM_6LLMPpwWP3c19Bk,IM_5aTAwhrc10lyciW",IM_6LLMPpwWP3c19Bk,"IM_6LLMPpwWP3c19Bk,IM_5aTAwhrc10lyciW",IM_1S7mGZgEE37tjV4,IM_1S7mGZgEE37tjV4,IM_1S7mGZgEE37tjV4,IM_0iJp5w9F1S8XPEy,"IM_9Ep4wBBgtLyoRfg,IM_0iJp5w9F1S8XPEy",IM_0iJp5w9F1S8XPEy,"IM_dj4O94KgEt9AzNc,IM_a36pHEbhqsdWxKu",,,,,"IM_57j13y5Du7IgCyi,IM_7803uAMyMWJFCqq","IM_00AGCNraRMPs6Ue,IM_8dJGATBcTiKWzxI","IM_00AGCNraRMPs6Ue,IM_8dJGATBcTiKWzxI","IM_00AGCNraRMPs6Ue,IM_8dJGATBcTiKWzxI",IM_bJgqFSuXiMH7oLc,,IM_bJgqFSuXiMH7oLc,IM_elZBCUhry60wDXw,IM_elZBCUhry60wDXw,IM_elZBCUhry60wDXw,IM_8Gm5qF192mn6tGC,IM_8Gm5qF192mn6tGC,IM_8Gm5qF192mn6tGC,IM_enuasVFpbMhtK4K,IM_enuasVFpbMhtK4K,IM_enuasVFpbMhtK4K,IM_ezzDs79gqviS5cW,IM_ezzDs79gqviS5cW,IM_ezzDs79gqviS5cW,IM_8Cylc190a4wqtng,IM_8Cylc190a4wqtng,IM_9Y386oZG1XBTW3I,IM_a36ti72UGlhIASi,IM_a36ti72UGlhIASi,IM_a36ti72UGlhIASi,IM_8oFdGphExfQQQ62,IM_8oFdGphExfQQQ62,IM_8oFdGphExfQQQ62,IM_bDFZ1hDiKKoIh0y,IM_bDFZ1hDiKKoIh0y,IM_bDFZ1hDiKKoIh0y,IM_09eNoTepwCFNhxY,IM_09eNoTepwCFNhxY,IM_09eNoTepwCFNhxY,IM_agVeLlNRXcYeBHU,IM_agVeLlNRXcYeBHU,IM_agVeLlNRXcYeBHU,IM_6QESMKBtMlJQ9kW,IM_6QESMKBtMlJQ9kW,IM_6QESMKBtMlJQ9kW,IM_9FbsfqDSD3QILCm,IM_9FbsfqDSD3QILCm,IM_9FbsfqDSD3QILCm,IM_0AgJWSSVRlrBkGy,IM_0AgJWSSVRlrBkGy,IM_0AgJWSSVRlrBkGy,IM_b3ijX7kIsFZEXwG,IM_b3ijX7kIsFZEXwG,IM_b3ijX7kIsFZEXwG,IM_0PazClw6n23AY7k,IM_0PazClw6n23AY7k,IM_0PazClw6n23AY7k,IM_0eRku8ITtWo9cCG,IM_0eRku8ITtWo9cCG,IM_0eRku8ITtWo9cCG,IM_3gdDe7MtY7GSLwW,IM_3gdDe7MtY7GSLwW,IM_3gdDe7MtY7GSLwW,IM_aeFwApZAsWB8Zeu,IM_aeFwApZAsWB8Zeu,IM_5zGuWNIHO3AujRQ,IM_eJUZAhWsbW3tnSe,IM_eJUZAhWsbW3tnSe,IM_eJUZAhWsbW3tnSe,IM_3a3r3qxFq79Hva6,IM_3a3r3qxFq79Hva6,"IM_1MP8u276fpaOeqi,IM_3a3r3qxFq79Hva6",IM_eUPe7GVHhRuyPzg,IM_eUPe7GVHhRuyPzg,IM_eUPe7GVHhRuyPzg,IM_ey5NapQVFUyIC90,IM_ey5NapQVFUyIC90,IM_ey5NapQVFUyIC90,IM_em1hp5Sbh7SwBH8,IM_em1hp5Sbh7SwBH8,IM_em1hp5Sbh7SwBH8,IM_egQqADpu0blWonQ,"IM_egQqADpu0blWonQ,IM_cOtopPgjLAfb3wy",IM_egQqADpu0blWonQ,IM_bgxhyk2sIG57FMG,IM_ezhYpDfh30R4KcS,IM_ezhYpDfh30R4KcS,IM_2ozALOoJeTYI4nA,IM_2ozALOoJeTYI4nA,IM_2ozALOoJeTYI4nA,IM_0oIP7XkuBUjMHvE,IM_0oIP7XkuBUjMHvE,IM_0oIP7XkuBUjMHvE,IM_0vtECHLsyFNJaBw,IM_0vtECHLsyFNJaBw,IM_0vtECHLsyFNJaBw,IM_bJCA2nw0XEDa5dI,IM_bJCA2nw0XEDa5dI,IM_bJCA2nw0XEDa5dI,,"IM_db9X4OuGTTTZE58,IM_cMWOAnFx09UeqCW",IM_cMWOAnFx09UeqCW,IM_1Y4jCBh05jJZbdI,IM_1Y4jCBh05jJZbdI,IM_1Y4jCBh05jJZbdI,IM_etf4S961ExPVJQO,IM_etf4S961ExPVJQO,IM_etf4S961ExPVJQO,IM_5bgFwSYJx7EPHo2,IM_5bgFwSYJx7EPHo2,IM_5bgFwSYJx7EPHo2,IM_9uZHc4XkcILlXPU,,,IM_bDFUXOwl7kiuEIe,,IM_bDFUXOwl7kiuEIe
2023-07-07 02:32:54,2023-07-07 02:54:16,IP Address,77.175.212.78,100,1282,True,2023-07-07 02:54:17,R_114HgrdmmK0CAUI,,,,,52.3584,4.8295,anonymous,EN,"IM_0Gr4JX0vnEV3Z6C,IM_b30nk569QQbAJRI",IM_0Gr4JX0vnEV3Z6C,IM_0Gr4JX0vnEV3Z6C,IM_3mcP4wbCDrzIyLI,IM_3mcP4wbCDrzIyLI,IM_3mcP4wbCDrzIyLI,IM_838DoGpbYRXYKk6,IM_838DoGpbYRXYKk6,IM_838DoGpbYRXYKk6,IM_5w46lpX2ag4zZ2K,IM_5w46lpX2ag4zZ2K,IM_5w46lpX2ag4zZ2K,IM_5BZZrxg1vRvPHQa,IM_7803uAMyMWJFCqq,IM_5BZZrxg1vRvPHQa,IM_08U6ei1VUirlI5o,IM_08U6ei1VUirlI5o,IM_08U6ei1VUirlI5o,"IM_0fBDj7fT2PlZVdQ,IM_0B7LePDdfeTNE10",IM_0B7LePDdfeTNE10,IM_0B7LePDdfeTNE10,"IM_9ysWDAJn4E2ek7k,IM_81CMs4DgoJeORQG,IM_cAVQd7XcjBeijv8",IM_cAVQd7XcjBeijv8,IM_cAVQd7XcjBeijv8,"IM_2mY3pou1Ry45fXE,IM_0O0uSdPiCUgpLbE",IM_2mY3pou1Ry45fXE,IM_2mY3pou1Ry45fXE,IM_0JVAhyzuuIn4IGq,IM_0JVAhyzuuIn4IGq,IM_0JVAhyzuuIn4IGq,"IM_57j13y5Du7IgCyi,IM_ezzDs79gqviS5cW","IM_57j13y5Du7IgCyi,IM_ezzDs79gqviS5cW",IM_ezzDs79gqviS5cW,"IM_aaz5OLxcQrmvrfM,IM_dg8WBOnhKcxtFB4","IM_aaz5OLxcQrmvrfM,IM_dg8WBOnhKcxtFB4",IM_dg8WBOnhKcxtFB4,"IM_ai21SYT8tyfEK3A,IM_cvGlBSrjRYuK0zs",IM_ai21SYT8tyfEK3A,IM_ai21SYT8tyfEK3A,IM_9KwJqaJV7NZDgSW,IM_9KwJqaJV7NZDgSW,IM_9KwJqaJV7NZDgSW,"IM_cCRN0AM0mVJhbim,IM_4THzDOyKjdeHfme","IM_cCRN0AM0mVJhbim,IM_4THzDOyKjdeHfme",IM_cCRN0AM0mVJhbim,IM_1S5y37ciqR6iVvM,IM_1S5y37ciqR6iVvM,IM_1S5y37ciqR6iVvM,"IM_cC0UhmwXCnrUfJk,IM_26mIuT8skuXFRMG","IM_cC0UhmwXCnrUfJk,IM_26mIuT8skuXFRMG",IM_26mIuT8skuXFRMG,,"IM_5ciaigAMg3EKduu,IM_88OeIHaKVKYlxK6","IM_5ciaigAMg3EKduu,IM_88OeIHaKVKYlxK6",IM_88OeIHaKVKYlxK6,"IM_6LLMPpwWP3c19Bk,IM_5aTAwhrc10lyciW",IM_6LLMPpwWP3c19Bk,IM_6LLMPpwWP3c19Bk,"IM_7ZDZg9ewXhAF82i,IM_1S7mGZgEE37tjV4","IM_7ZDZg9ewXhAF82i,IM_1S7mGZgEE37tjV4",IM_1S7mGZgEE37tjV4,"IM_9Ep4wBBgtLyoRfg,IM_0iJp5w9F1S8XPEy",IM_9Ep4wBBgtLyoRfg,IM_0iJp5w9F1S8XPEy,"IM_dj4O94KgEt9AzNc,IM_bxy3PW6dzPQc3uS,IM_a36pHEbhqsdWxKu","IM_dj4O94KgEt9AzNc,IM_bxy3PW6dzPQc3uS",IM_bxy3PW6dzPQc3uS,IM_5orBT3vSYN86Ji6,"IM_57j13y5Du7IgCyi,IM_5orBT3vSYN86Ji6,IM_7803uAMyMWJFCqq",IM_5orBT3vSYN86Ji6,"IM_00AGCNraRMPs6Ue,IM_8dJGATBcTiKWzxI","IM_00AGCNraRMPs6Ue,IM_8dJGATBcTiKWzxI",IM_00AGCNraRMPs6Ue,"IM_5hkG13LuW9F2Gbk,IM_bJgqFSuXiMH7oLc","IM_5hkG13LuW9F2Gbk,IM_bJgqFSuXiMH7oLc",IM_bJgqFSuXiMH7oLc,IM_elZBCUhry60wDXw,IM_8CGU1SRad3SpiqW,IM_elZBCUhry60wDXw,IM_6DpqG5iZi8NXJum,IM_8Gm5qF192mn6tGC,IM_6DpqG5iZi8NXJum,IM_3HHdUVTG9Ky5PVQ,IM_3HHdUVTG9Ky5PVQ,IM_3HHdUVTG9Ky5PVQ,"IM_ezzDs79gqviS5cW,IM_42QUeTmbQGLKEbY","IM_ezzDs79gqviS5cW,IM_42QUeTmbQGLKEbY",IM_42QUeTmbQGLKEbY,"IM_8Cylc190a4wqtng,IM_9Y386oZG1XBTW3I","IM_8Cylc190a4wqtng,IM_9Y386oZG1XBTW3I",IM_8Cylc190a4wqtng,IM_a36ti72UGlhIASi,IM_a36ti72UGlhIASi,IM_a36ti72UGlhIASi,IM_8oFdGphExfQQQ62,IM_8oFdGphExfQQQ62,IM_8oFdGphExfQQQ62,IM_bDFZ1hDiKKoIh0y,IM_5sBoFluRh2pgdeu,IM_bDFZ1hDiKKoIh0y,IM_cSZ8J0pnEU0L84C,IM_cSZ8J0pnEU0L84C,IM_cSZ8J0pnEU0L84C,"IM_3fN65XJPdTKB7n0,IM_agVeLlNRXcYeBHU",IM_3fN65XJPdTKB7n0,IM_3fN65XJPdTKB7n0,IM_6m0Lzuapw6WmSjA,IM_6m0Lzuapw6WmSjA,IM_6m0Lzuapw6WmSjA,"IM_6GaIguFKHTXxPAW,IM_9FbsfqDSD3QILCm","IM_6GaIguFKHTXxPAW,IM_9FbsfqDSD3QILCm",IM_9FbsfqDSD3QILCm,IM_0AgJWSSVRlrBkGy,IM_0AgJWSSVRlrBkGy,IM_0AgJWSSVRlrBkGy,"IM_e2kLzmzqGnf2Jp4,IM_b3ijX7kIsFZEXwG",IM_b3ijX7kIsFZEXwG,IM_b3ijX7kIsFZEXwG,"IM_9mp2VBUr62UHLvw,IM_0PazClw6n23AY7k",IM_9mp2VBUr62UHLvw,IM_9mp2VBUr62UHLvw,"IM_8IAGtPwLNSvev5k,IM_0eRku8ITtWo9cCG","IM_8IAGtPwLNSvev5k,IM_0eRku8ITtWo9cCG",IM_0eRku8ITtWo9cCG,IM_3gdDe7MtY7GSLwW,IM_3gdDe7MtY7GSLwW,IM_3gdDe7MtY7GSLwW,"IM_aeFwApZAsWB8Zeu,IM_5zGuWNIHO3AujRQ","IM_aeFwApZAsWB8Zeu,IM_5zGuWNIHO3AujRQ",IM_5zGuWNIHO3AujRQ,IM_eJUZAhWsbW3tnSe,IM_8um3qnmajEIGnYO,IM_eJUZAhWsbW3tnSe,IM_1MP8u276fpaOeqi,IM_3a3r3qxFq79Hva6,IM_3a3r3qxFq79Hva6,"IM_eUPe7GVHhRuyPzg,IM_5haM4HccEsD5zRs","IM_eUPe7GVHhRuyPzg,IM_5haM4HccEsD5zRs",IM_5haM4HccEsD5zRs,"IM_7R3sUGCIfMgxwRU,IM_ey5NapQVFUyIC90","IM_7R3sUGCIfMgxwRU,IM_ey5NapQVFUyIC90",IM_ey5NapQVFUyIC90,IM_em1hp5Sbh7SwBH8,IM_em1hp5Sbh7SwBH8,IM_em1hp5Sbh7SwBH8,"IM_egQqADpu0blWonQ,IM_cOtopPgjLAfb3wy","IM_egQqADpu0blWonQ,IM_cOtopPgjLAfb3wy",IM_cOtopPgjLAfb3wy,IM_ezhYpDfh30R4KcS,IM_ezhYpDfh30R4KcS,IM_ezhYpDfh30R4KcS,IM_2ozALOoJeTYI4nA,IM_2ozALOoJeTYI4nA,IM_2ozALOoJeTYI4nA,"IM_0oIP7XkuBUjMHvE,IM_5mQewJsIh2S9jsq",IM_0oIP7XkuBUjMHvE,IM_0oIP7XkuBUjMHvE,IM_d7ssTHukTozbLAW,IM_d7ssTHukTozbLAW,IM_d7ssTHukTozbLAW,IM_bJCA2nw0XEDa5dI,IM_bJCA2nw0XEDa5dI,IM_bJCA2nw0XEDa5dI,IM_cMWOAnFx09UeqCW,IM_cMWOAnFx09UeqCW,IM_cMWOAnFx09UeqCW,IM_0vRqTpnivOnhOWa,IM_0vRqTpnivOnhOWa,IM_0vRqTpnivOnhOWa,IM_6V8s0kG17bLfI10,IM_6V8s0kG17bLfI10,IM_6V8s0kG17bLfI10,IM_5bgFwSYJx7EPHo2,IM_5bgFwSYJx7EPHo2,IM_5bgFwSYJx7EPHo2,IM_3wRyVnYTFvZ02vc,IM_3wRyVnYTFvZ02vc,IM_3wRyVnYTFvZ02vc,IM_9ABMcnO7X2fgkXY,IM_9ABMcnO7X2fgkXY,IM_9ABMcnO7X2fgkXY
2023-07-07 04:42:50,2023-07-07 04:44:22,IP Address,217.131.81.220,100,91,True,2023-07-07 04:44:23,R_2X4G79Ymv5dmYJh,,,,,41.0557,28.9623,anonymous,EN,,,,,,,,,,,,,,,,,,,,,,,,,,,,,,,,,,,,,,,,,,,,,,,,,,,,,,,,,,,,,,,,,,,,,,,,,,,,,,,,,,,,,,,,,,,,,,,,,,,,,,,,,,,,,,,,,,,,,,,,,,,,,,,,,,,,,,,,,,,,,,,,,,,,,,,,,,,,,,,,,,,,,,,,,,,,,,,,,,,,,
2023-07-07 04:38:11,2023-07-07 04:47:25,IP Address,77.164.187.155,100,553,True,2023-07-07 04:47:25,R_1Io1bMzMExcRthg,,,,,52.2908,6.8107,anonymous,EN,IM_0Gr4JX0vnEV3Z6C,IM_0Gr4JX0vnEV3Z6C,IM_0Gr4JX0vnEV3Z6C,IM_3mcP4wbCDrzIyLI,IM_3mcP4wbCDrzIyLI,IM_3mcP4wbCDrzIyLI,IM_838DoGpbYRXYKk6,IM_838DoGpbYRXYKk6,IM_838DoGpbYRXYKk6,IM_5w46lpX2ag4zZ2K,IM_2t770EdOicWOikm,IM_2t770EdOicWOikm,IM_5BZZrxg1vRvPHQa,IM_5BZZrxg1vRvPHQa,IM_5BZZrxg1vRvPHQa,IM_08U6ei1VUirlI5o,IM_08U6ei1VUirlI5o,IM_08U6ei1VUirlI5o,IM_0fBDj7fT2PlZVdQ,IM_0fBDj7fT2PlZVdQ,IM_0fBDj7fT2PlZVdQ,IM_cAVQd7XcjBeijv8,IM_cAVQd7XcjBeijv8,IM_cAVQd7XcjBeijv8,IM_2mY3pou1Ry45fXE,IM_2mY3pou1Ry45fXE,IM_2mY3pou1Ry45fXE,IM_0JVAhyzuuIn4IGq,IM_0JVAhyzuuIn4IGq,IM_0JVAhyzuuIn4IGq,IM_ezzDs79gqviS5cW,IM_ezzDs79gqviS5cW,IM_ezzDs79gqviS5cW,IM_aaz5OLxcQrmvrfM,IM_aaz5OLxcQrmvrfM,IM_aaz5OLxcQrmvrfM,IM_cvGlBSrjRYuK0zs,IM_cvGlBSrjRYuK0zs,IM_cvGlBSrjRYuK0zs,IM_eh6EkwfGBEpJEdo,IM_eh6EkwfGBEpJEdo,IM_eh6EkwfGBEpJEdo,IM_eQFkzTTgkIR9PF4,IM_eQFkzTTgkIR9PF4,IM_eQFkzTTgkIR9PF4,IM_1S5y37ciqR6iVvM,IM_1S5y37ciqR6iVvM,IM_1S5y37ciqR6iVvM,IM_26mIuT8skuXFRMG,IM_26mIuT8skuXFRMG,IM_26mIuT8skuXFRMG,IM_88OeIHaKVKYlxK6,IM_88OeIHaKVKYlxK6,IM_88OeIHaKVKYlxK6,IM_88OeIHaKVKYlxK6,IM_6LLMPpwWP3c19Bk,IM_6LLMPpwWP3c19Bk,IM_6LLMPpwWP3c19Bk,IM_7ZDZg9ewXhAF82i,IM_7ZDZg9ewXhAF82i,IM_7ZDZg9ewXhAF82i,IM_9Ep4wBBgtLyoRfg,IM_9Ep4wBBgtLyoRfg,IM_9Ep4wBBgtLyoRfg,IM_dj4O94KgEt9AzNc,IM_dj4O94KgEt9AzNc,IM_dj4O94KgEt9AzNc,IM_5orBT3vSYN86Ji6,IM_5orBT3vSYN86Ji6,IM_5orBT3vSYN86Ji6,IM_00AGCNraRMPs6Ue,IM_00AGCNraRMPs6Ue,IM_00AGCNraRMPs6Ue,IM_5hkG13LuW9F2Gbk,IM_5hkG13LuW9F2Gbk,IM_5hkG13LuW9F2Gbk,IM_elZBCUhry60wDXw,IM_elZBCUhry60wDXw,IM_elZBCUhry60wDXw,IM_8Gm5qF192mn6tGC,IM_8Gm5qF192mn6tGC,IM_8Gm5qF192mn6tGC,IM_3HHdUVTG9Ky5PVQ,IM_3HHdUVTG9Ky5PVQ,IM_3HHdUVTG9Ky5PVQ,IM_ezzDs79gqviS5cW,IM_ezzDs79gqviS5cW,IM_ezzDs79gqviS5cW,IM_8Cylc190a4wqtng,IM_8Cylc190a4wqtng,IM_8Cylc190a4wqtng,IM_a36ti72UGlhIASi,IM_a36ti72UGlhIASi,IM_a36ti72UGlhIASi,IM_8oFdGphExfQQQ62,IM_8oFdGphExfQQQ62,IM_8oFdGphExfQQQ62,IM_eFoTa4CooSPEmjA,IM_eFoTa4CooSPEmjA,IM_eFoTa4CooSPEmjA,IM_cSZ8J0pnEU0L84C,,,,,,,,,,,,,,,,,,,,,,,,,,,,,,,,,,,,,,,,,,,,,,,,,,,,,,,,,,,,,,,,,,,,,,,,,,,,,,,,
2023-07-07 06:04:39,2023-07-07 06:39:20,IP Address,77.175.212.78,100,2081,True,2023-07-07 06:39:21,R_3e8l0aSGhytLCOz,,,,,52.3584,4.8295,anonymous,EN,IM_0Gr4JX0vnEV3Z6C,IM_b30nk569QQbAJRI,IM_0Gr4JX0vnEV3Z6C,IM_3mcP4wbCDrzIyLI,IM_3mcP4wbCDrzIyLI,IM_3mcP4wbCDrzIyLI,IM_838DoGpbYRXYKk6,IM_838DoGpbYRXYKk6,IM_838DoGpbYRXYKk6,IM_2t770EdOicWOikm,IM_2t770EdOicWOikm,IM_2t770EdOicWOikm,IM_7803uAMyMWJFCqq,IM_7803uAMyMWJFCqq,IM_4JEuOvBCHzec0qq,IM_08U6ei1VUirlI5o,IM_08U6ei1VUirlI5o,IM_08U6ei1VUirlI5o,IM_0fBDj7fT2PlZVdQ,IM_0B7LePDdfeTNE10,IM_0B7LePDdfeTNE10,IM_cAVQd7XcjBeijv8,IM_cAVQd7XcjBeijv8,IM_81CMs4DgoJeORQG,IM_2mY3pou1Ry45fXE,IM_2mY3pou1Ry45fXE,IM_0O0uSdPiCUgpLbE,IM_0JVAhyzuuIn4IGq,IM_0JVAhyzuuIn4IGq,IM_0JVAhyzuuIn4IGq,IM_57j13y5Du7IgCyi,IM_ezzDs79gqviS5cW,IM_ezzDs79gqviS5cW,IM_dg8WBOnhKcxtFB4,IM_dg8WBOnhKcxtFB4,IM_dg8WBOnhKcxtFB4,IM_ai21SYT8tyfEK3A,IM_cvGlBSrjRYuK0zs,IM_ai21SYT8tyfEK3A,IM_9KwJqaJV7NZDgSW,IM_9KwJqaJV7NZDgSW,IM_5vwxxG6ZMrXaGpg,IM_4THzDOyKjdeHfme,IM_cCRN0AM0mVJhbim,IM_4THzDOyKjdeHfme,IM_1S5y37ciqR6iVvM,IM_1S5y37ciqR6iVvM,IM_1S5y37ciqR6iVvM,IM_cC0UhmwXCnrUfJk,IM_26mIuT8skuXFRMG,IM_26mIuT8skuXFRMG,,"IM_5ciaigAMg3EKduu,IM_88OeIHaKVKYlxK6",IM_88OeIHaKVKYlxK6,IM_88OeIHaKVKYlxK6,"IM_3mdkJQFJydi4Oh0,IM_6LLMPpwWP3c19Bk,IM_5aTAwhrc10lyciW","IM_6LLMPpwWP3c19Bk,IM_5aTAwhrc10lyciW",IM_5aTAwhrc10lyciW,"IM_7ZDZg9ewXhAF82i,IM_1S7mGZgEE37tjV4",IM_1S7mGZgEE37tjV4,IM_1S7mGZgEE37tjV4,"IM_9Ep4wBBgtLyoRfg,IM_0iJp5w9F1S8XPEy",IM_9Ep4wBBgtLyoRfg,IM_0iJp5w9F1S8XPEy,"IM_dj4O94KgEt9AzNc,IM_bxy3PW6dzPQc3uS","IM_dj4O94KgEt9AzNc,IM_bxy3PW6dzPQc3uS",IM_dj4O94KgEt9AzNc,"IM_57j13y5Du7IgCyi,IM_5orBT3vSYN86Ji6",IM_5orBT3vSYN86Ji6,IM_5orBT3vSYN86Ji6,IM_00AGCNraRMPs6Ue,IM_00AGCNraRMPs6Ue,IM_00AGCNraRMPs6Ue,"IM_5hkG13LuW9F2Gbk,IM_bJgqFSuXiMH7oLc",IM_5hkG13LuW9F2Gbk,IM_bJgqFSuXiMH7oLc,IM_elZBCUhry60wDXw,IM_elZBCUhry60wDXw,IM_elZBCUhry60wDXw,IM_0qd87hmeKZJHHy6,IM_8Gm5qF192mn6tGC,IM_6DpqG5iZi8NXJum,IM_3HHdUVTG9Ky5PVQ,IM_3HHdUVTG9Ky5PVQ,IM_3HHdUVTG9Ky5PVQ,"IM_ezzDs79gqviS5cW,IM_42QUeTmbQGLKEbY","IM_ezzDs79gqviS5cW,IM_42QUeTmbQGLKEbY",IM_42QUeTmbQGLKEbY,"IM_8Cylc190a4wqtng,IM_9Y386oZG1XBTW3I",IM_8Cylc190a4wqtng,IM_8Cylc190a4wqtng,IM_a36ti72UGlhIASi,IM_a36ti72UGlhIASi,IM_a36ti72UGlhIASi,IM_emJkrjXolxP2onk,IM_emJkrjXolxP2onk,IM_emJkrjXolxP2onk,IM_eFoTa4CooSPEmjA,IM_eFoTa4CooSPEmjA,IM_eFoTa4CooSPEmjA,IM_09eNoTepwCFNhxY,IM_09eNoTepwCFNhxY,IM_09eNoTepwCFNhxY,IM_agVeLlNRXcYeBHU,IM_3fN65XJPdTKB7n0,IM_agVeLlNRXcYeBHU,IM_6m0Lzuapw6WmSjA,IM_6m0Lzuapw6WmSjA,IM_6m0Lzuapw6WmSjA,"IM_6GaIguFKHTXxPAW,IM_9FbsfqDSD3QILCm",IM_9FbsfqDSD3QILCm,IM_6GaIguFKHTXxPAW,IM_0AgJWSSVRlrBkGy,IM_0AgJWSSVRlrBkGy,IM_0AgJWSSVRlrBkGy,IM_b3ijX7kIsFZEXwG,IM_e2kLzmzqGnf2Jp4,IM_e2kLzmzqGnf2Jp4,IM_9mp2VBUr62UHLvw,IM_9mp2VBUr62UHLvw,IM_9mp2VBUr62UHLvw,"IM_8IAGtPwLNSvev5k,IM_0eRku8ITtWo9cCG",IM_0eRku8ITtWo9cCG,IM_0eRku8ITtWo9cCG,IM_3gdDe7MtY7GSLwW,IM_3gdDe7MtY7GSLwW,IM_3gdDe7MtY7GSLwW,"IM_aeFwApZAsWB8Zeu,IM_5zGuWNIHO3AujRQ","IM_aeFwApZAsWB8Zeu,IM_5zGuWNIHO3AujRQ",IM_aeFwApZAsWB8Zeu,IM_eJUZAhWsbW3tnSe,IM_eJUZAhWsbW3tnSe,IM_eJUZAhWsbW3tnSe,IM_1MP8u276fpaOeqi,IM_1MP8u276fpaOeqi,IM_1MP8u276fpaOeqi,IM_eUPe7GVHhRuyPzg,IM_eUPe7GVHhRuyPzg,IM_eUPe7GVHhRuyPzg,IM_ey5NapQVFUyIC90,IM_ey5NapQVFUyIC90,IM_ey5NapQVFUyIC90,IM_em1hp5Sbh7SwBH8,IM_em1hp5Sbh7SwBH8,IM_em1hp5Sbh7SwBH8,"IM_egQqADpu0blWonQ,IM_cOtopPgjLAfb3wy",IM_cOtopPgjLAfb3wy,IM_cOtopPgjLAfb3wy,IM_ezhYpDfh30R4KcS,IM_ezhYpDfh30R4KcS,IM_ezhYpDfh30R4KcS,IM_2ozALOoJeTYI4nA,IM_2ozALOoJeTYI4nA,IM_2ozALOoJeTYI4nA,IM_5mQewJsIh2S9jsq,IM_5mQewJsIh2S9jsq,IM_5mQewJsIh2S9jsq,"IM_0vtECHLsyFNJaBw,IM_d7ssTHukTozbLAW",IM_d7ssTHukTozbLAW,IM_d7ssTHukTozbLAW,"IM_bJCA2nw0XEDa5dI,IM_bPd7HjlVBhtiHfo",IM_bJCA2nw0XEDa5dI,IM_bPd7HjlVBhtiHfo,"IM_db9X4OuGTTTZE58,IM_cMWOAnFx09UeqCW",IM_cMWOAnFx09UeqCW,IM_cMWOAnFx09UeqCW,IM_0vRqTpnivOnhOWa,IM_0vRqTpnivOnhOWa,IM_0vRqTpnivOnhOWa,IM_etf4S961ExPVJQO,IM_etf4S961ExPVJQO,IM_6V8s0kG17bLfI10,IM_5bgFwSYJx7EPHo2,IM_5bgFwSYJx7EPHo2,IM_5bgFwSYJx7EPHo2,IM_3wRyVnYTFvZ02vc,IM_3wRyVnYTFvZ02vc,IM_3wRyVnYTFvZ02vc,IM_9ABMcnO7X2fgkXY,IM_9ABMcnO7X2fgkXY,IM_9ABMcnO7X2fgkXY
2023-07-09 02:35:38,2023-07-09 02:49:22,IP Address,90.156.98.208,100,824,True,2023-07-09 02:49:23,R_32L6k3ShqUw5QV3,,,,,51.0308,17.3394,anonymous,EN,"IM_0Gr4JX0vnEV3Z6C,IM_b30nk569QQbAJRI","IM_0Gr4JX0vnEV3Z6C,IM_b30nk569QQbAJRI",IM_0Gr4JX0vnEV3Z6C,"IM_3mcP4wbCDrzIyLI,IM_8eRRFKXHqLUjpk2",IM_3mcP4wbCDrzIyLI,IM_8eRRFKXHqLUjpk2,IM_838DoGpbYRXYKk6,IM_838DoGpbYRXYKk6,IM_838DoGpbYRXYKk6,IM_2t770EdOicWOikm,IM_5w46lpX2ag4zZ2K,IM_2t770EdOicWOikm,"IM_7803uAMyMWJFCqq,IM_5BZZrxg1vRvPHQa",IM_5BZZrxg1vRvPHQa,IM_5BZZrxg1vRvPHQa,IM_08U6ei1VUirlI5o,IM_08U6ei1VUirlI5o,IM_08U6ei1VUirlI5o,"IM_0fBDj7fT2PlZVdQ,IM_0B7LePDdfeTNE10",IM_0B7LePDdfeTNE10,IM_0B7LePDdfeTNE10,"IM_9ysWDAJn4E2ek7k,IM_81CMs4DgoJeORQG,IM_cAVQd7XcjBeijv8",IM_81CMs4DgoJeORQG,IM_9ysWDAJn4E2ek7k,IM_0O0uSdPiCUgpLbE,IM_0O0uSdPiCUgpLbE,IM_0O0uSdPiCUgpLbE,"IM_5p43gbse90HoJGS,IM_0JVAhyzuuIn4IGq",IM_5p43gbse90HoJGS,IM_0JVAhyzuuIn4IGq,"IM_57j13y5Du7IgCyi,IM_ezzDs79gqviS5cW",IM_ezzDs79gqviS5cW,IM_ezzDs79gqviS5cW,"IM_aaz5OLxcQrmvrfM,IM_dg8WBOnhKcxtFB4","IM_aaz5OLxcQrmvrfM,IM_dg8WBOnhKcxtFB4",IM_aaz5OLxcQrmvrfM,"IM_ai21SYT8tyfEK3A,IM_cvGlBSrjRYuK0zs","IM_ai21SYT8tyfEK3A,IM_cvGlBSrjRYuK0zs",IM_ai21SYT8tyfEK3A,"IM_eh6EkwfGBEpJEdo,IM_9KwJqaJV7NZDgSW,IM_5vwxxG6ZMrXaGpg","IM_eh6EkwfGBEpJEdo,IM_5vwxxG6ZMrXaGpg",IM_5vwxxG6ZMrXaGpg,"IM_cCRN0AM0mVJhbim,IM_4THzDOyKjdeHfme",IM_4THzDOyKjdeHfme,IM_4THzDOyKjdeHfme,,,,,,,,,,,,,,,,,,,,,,,,,,,,,,,,,,,,,,,,,,,,,,,,,,,,,,,,,,,,,,,,,,,,,,,,,,,,,,,,,,,,,,,,,,,,,,,,,,,,,,,,,,,,,,,,,,,,,,,,,,,,,,,,,,,,,,,,
2023-07-09 07:00:49,2023-07-09 07:17:19,IP Address,84.241.206.109,100,990,True,2023-07-09 07:17:20,R_3PtvTV40NEerpOJ,,,,,52.0849,4.3071,anonymous,EN,IM_0Gr4JX0vnEV3Z6C,IM_0Gr4JX0vnEV3Z6C,,IM_3mcP4wbCDrzIyLI,,,IM_838DoGpbYRXYKk6,IM_838DoGpbYRXYKk6,,IM_2t770EdOicWOikm,IM_2t770EdOicWOikm,IM_2t770EdOicWOikm,IM_5BZZrxg1vRvPHQa,IM_5BZZrxg1vRvPHQa,IM_5BZZrxg1vRvPHQa,IM_08U6ei1VUirlI5o,IM_08U6ei1VUirlI5o,IM_08U6ei1VUirlI5o,IM_0fBDj7fT2PlZVdQ,IM_5j1eTVlQUabXfqC,,IM_cAVQd7XcjBeijv8,,,IM_0O0uSdPiCUgpLbE,,,IM_0JVAhyzuuIn4IGq,IM_0JVAhyzuuIn4IGq,IM_0JVAhyzuuIn4IGq,IM_ezzDs79gqviS5cW,,,IM_aaz5OLxcQrmvrfM,IM_dg8WBOnhKcxtFB4,,IM_ai21SYT8tyfEK3A,IM_ai21SYT8tyfEK3A,IM_ai21SYT8tyfEK3A,IM_9KwJqaJV7NZDgSW,,,IM_cCRN0AM0mVJhbim,,,IM_1S5y37ciqR6iVvM,,,IM_26mIuT8skuXFRMG,,,IM_88OeIHaKVKYlxK6,,,,IM_5aTAwhrc10lyciW,,,IM_1S7mGZgEE37tjV4,,,IM_0iJp5w9F1S8XPEy,,,IM_dj4O94KgEt9AzNc,,,IM_5orBT3vSYN86Ji6,,,IM_00AGCNraRMPs6Ue,,,IM_cJgyxnwg9AN05uu,,,,,,IM_6DpqG5iZi8NXJum,,,IM_enuasVFpbMhtK4K,,,IM_42QUeTmbQGLKEbY,,,"IM_8Cylc190a4wqtng,IM_9Y386oZG1XBTW3I",IM_8Cylc190a4wqtng,IM_8Cylc190a4wqtng,IM_3seipdpZJfN3XmK,,,,,,IM_bDFZ1hDiKKoIh0y,IM_bDFZ1hDiKKoIh0y,IM_bDFZ1hDiKKoIh0y,"IM_2lzs73y5qtNqaXQ,IM_09eNoTepwCFNhxY",,,IM_3fN65XJPdTKB7n0,,,IM_6QESMKBtMlJQ9kW,,,IM_9FbsfqDSD3QILCm,,,IM_0AgJWSSVRlrBkGy,,,IM_b3ijX7kIsFZEXwG,,,IM_9mp2VBUr62UHLvw,,,IM_0eRku8ITtWo9cCG,,,IM_3gdDe7MtY7GSLwW,,,IM_5zGuWNIHO3AujRQ,,IM_aeFwApZAsWB8Zeu,,,,,,,,,,,,,,,,,,,,,,,,,,,,,,,,,,IM_db9X4OuGTTTZE58,,,,,,,,,IM_4Ge26i20ZmRhjjo,,,,,,,,
2023-07-09 10:22:41,2023-07-09 13:12:23,IP Address,188.122.20.100,100,10181,True,2023-07-09 13:12:24,R_2agZCONVUmHLizP,,,,,51.104,17.0388,anonymous,EN,"IM_0Gr4JX0vnEV3Z6C,IM_b30nk569QQbAJRI","IM_0Gr4JX0vnEV3Z6C,IM_b30nk569QQbAJRI",IM_0Gr4JX0vnEV3Z6C,IM_3mcP4wbCDrzIyLI,IM_3mcP4wbCDrzIyLI,IM_3mcP4wbCDrzIyLI,,,IM_838DoGpbYRXYKk6,"IM_5w46lpX2ag4zZ2K,IM_9tPyVcOka2Ywa8K,IM_2t770EdOicWOikm","IM_5w46lpX2ag4zZ2K,IM_9tPyVcOka2Ywa8K,IM_2t770EdOicWOikm",IM_9tPyVcOka2Ywa8K,"IM_7803uAMyMWJFCqq,IM_5BZZrxg1vRvPHQa","IM_7803uAMyMWJFCqq,IM_5BZZrxg1vRvPHQa",IM_5BZZrxg1vRvPHQa,IM_08U6ei1VUirlI5o,IM_08U6ei1VUirlI5o,IM_08U6ei1VUirlI5o,IM_0B7LePDdfeTNE10,"IM_5j1eTVlQUabXfqC,IM_0B7LePDdfeTNE10",IM_0B7LePDdfeTNE10,IM_cAVQd7XcjBeijv8,IM_cAVQd7XcjBeijv8,IM_cAVQd7XcjBeijv8,IM_2mY3pou1Ry45fXE,,IM_2mY3pou1Ry45fXE,IM_0JVAhyzuuIn4IGq,IM_0JVAhyzuuIn4IGq,IM_0JVAhyzuuIn4IGq,"IM_57j13y5Du7IgCyi,IM_ezzDs79gqviS5cW","IM_57j13y5Du7IgCyi,IM_ezzDs79gqviS5cW",IM_ezzDs79gqviS5cW,"IM_aaz5OLxcQrmvrfM,IM_dg8WBOnhKcxtFB4","IM_aaz5OLxcQrmvrfM,IM_dg8WBOnhKcxtFB4",IM_aaz5OLxcQrmvrfM,IM_ai21SYT8tyfEK3A,IM_ai21SYT8tyfEK3A,IM_ai21SYT8tyfEK3A,"IM_eh6EkwfGBEpJEdo,IM_9KwJqaJV7NZDgSW","IM_eh6EkwfGBEpJEdo,IM_9KwJqaJV7NZDgSW,IM_5vwxxG6ZMrXaGpg",IM_9KwJqaJV7NZDgSW,"IM_cCRN0AM0mVJhbim,IM_4THzDOyKjdeHfme,IM_eQFkzTTgkIR9PF4","IM_cCRN0AM0mVJhbim,IM_4THzDOyKjdeHfme,IM_eQFkzTTgkIR9PF4",IM_eQFkzTTgkIR9PF4,IM_1S5y37ciqR6iVvM,IM_1S5y37ciqR6iVvM,IM_1S5y37ciqR6iVvM,"IM_cC0UhmwXCnrUfJk,IM_5go1wU4l698nwWi,IM_26mIuT8skuXFRMG","IM_cC0UhmwXCnrUfJk,IM_5go1wU4l698nwWi,IM_26mIuT8skuXFRMG",IM_26mIuT8skuXFRMG,,"IM_5ciaigAMg3EKduu,IM_88OeIHaKVKYlxK6","IM_5ciaigAMg3EKduu,IM_88OeIHaKVKYlxK6",IM_5ciaigAMg3EKduu,"IM_3mdkJQFJydi4Oh0,IM_6LLMPpwWP3c19Bk,IM_5aTAwhrc10lyciW","IM_3mdkJQFJydi4Oh0,IM_6LLMPpwWP3c19Bk,IM_5aTAwhrc10lyciW",IM_5aTAwhrc10lyciW,"IM_7ZDZg9ewXhAF82i,IM_1S7mGZgEE37tjV4","IM_7ZDZg9ewXhAF82i,IM_1S7mGZgEE37tjV4",IM_7ZDZg9ewXhAF82i,"IM_9Ep4wBBgtLyoRfg,IM_0iJp5w9F1S8XPEy","IM_9Ep4wBBgtLyoRfg,IM_0iJp5w9F1S8XPEy",IM_9Ep4wBBgtLyoRfg,"IM_dj4O94KgEt9AzNc,IM_bxy3PW6dzPQc3uS,IM_a36pHEbhqsdWxKu","IM_dj4O94KgEt9AzNc,IM_a36pHEbhqsdWxKu",IM_dj4O94KgEt9AzNc,"IM_57j13y5Du7IgCyi,IM_5orBT3vSYN86Ji6,IM_7803uAMyMWJFCqq","IM_57j13y5Du7IgCyi,IM_5orBT3vSYN86Ji6,IM_7803uAMyMWJFCqq",IM_7803uAMyMWJFCqq,"IM_00AGCNraRMPs6Ue,IM_8dJGATBcTiKWzxI","IM_00AGCNraRMPs6Ue,IM_8dJGATBcTiKWzxI",IM_00AGCNraRMPs6Ue,"IM_cJgyxnwg9AN05uu,IM_5hkG13LuW9F2Gbk,IM_bJgqFSuXiMH7oLc","IM_cJgyxnwg9AN05uu,IM_5hkG13LuW9F2Gbk,IM_bJgqFSuXiMH7oLc",IM_bJgqFSuXiMH7oLc,"IM_8CGU1SRad3SpiqW,IM_elZBCUhry60wDXw",IM_elZBCUhry60wDXw,IM_elZBCUhry60wDXw,IM_0qd87hmeKZJHHy6,IM_8Gm5qF192mn6tGC,IM_8Gm5qF192mn6tGC,IM_3HHdUVTG9Ky5PVQ,IM_3HHdUVTG9Ky5PVQ,IM_3HHdUVTG9Ky5PVQ,"IM_ezzDs79gqviS5cW,IM_42QUeTmbQGLKEbY,IM_3sb0iMmodeNvq5g",IM_3sb0iMmodeNvq5g,IM_42QUeTmbQGLKEbY,"IM_8Cylc190a4wqtng,IM_9Y386oZG1XBTW3I","IM_8Cylc190a4wqtng,IM_9Y386oZG1XBTW3I",IM_9Y386oZG1XBTW3I,,IM_a36ti72UGlhIASi,IM_a36ti72UGlhIASi,,,IM_bJhYubkLJlyW3fE,,,IM_5sBoFluRh2pgdeu,,IM_09eNoTepwCFNhxY,IM_09eNoTepwCFNhxY,,"IM_3fN65XJPdTKB7n0,IM_agVeLlNRXcYeBHU",IM_agVeLlNRXcYeBHU,IM_6QESMKBtMlJQ9kW,,IM_6QESMKBtMlJQ9kW,"IM_6GaIguFKHTXxPAW,IM_9FbsfqDSD3QILCm","IM_6GaIguFKHTXxPAW,IM_9FbsfqDSD3QILCm",IM_6GaIguFKHTXxPAW,"IM_0AgJWSSVRlrBkGy,IM_ePMZTAxsSkZzLIG",IM_ePMZTAxsSkZzLIG,IM_ePMZTAxsSkZzLIG,"IM_e2kLzmzqGnf2Jp4,IM_b3ijX7kIsFZEXwG",IM_e2kLzmzqGnf2Jp4,IM_e2kLzmzqGnf2Jp4,IM_9mp2VBUr62UHLvw,,IM_9mp2VBUr62UHLvw,"IM_8IAGtPwLNSvev5k,IM_0eRku8ITtWo9cCG","IM_8IAGtPwLNSvev5k,IM_0eRku8ITtWo9cCG",IM_0eRku8ITtWo9cCG,IM_9yQrVuA7JLaSzEW,,IM_9yQrVuA7JLaSzEW,"IM_aeFwApZAsWB8Zeu,IM_5zGuWNIHO3AujRQ","IM_aeFwApZAsWB8Zeu,IM_5zGuWNIHO3AujRQ",IM_aeFwApZAsWB8Zeu,"IM_eJUZAhWsbW3tnSe,IM_8um3qnmajEIGnYO","IM_eJUZAhWsbW3tnSe,IM_8um3qnmajEIGnYO",IM_eJUZAhWsbW3tnSe,"IM_1MP8u276fpaOeqi,IM_3a3r3qxFq79Hva6",IM_1MP8u276fpaOeqi,IM_3a3r3qxFq79Hva6,IM_eUPe7GVHhRuyPzg,,IM_eUPe7GVHhRuyPzg,"IM_7R3sUGCIfMgxwRU,IM_ey5NapQVFUyIC90","IM_7R3sUGCIfMgxwRU,IM_ey5NapQVFUyIC90",IM_ey5NapQVFUyIC90,"IM_em1hp5Sbh7SwBH8,IM_8ACpF2txN02MiQ6","IM_em1hp5Sbh7SwBH8,IM_8ACpF2txN02MiQ6",IM_em1hp5Sbh7SwBH8,"IM_egQqADpu0blWonQ,IM_cOtopPgjLAfb3wy",IM_cOtopPgjLAfb3wy,IM_egQqADpu0blWonQ,IM_ezhYpDfh30R4KcS,,IM_ezhYpDfh30R4KcS,IM_2ozALOoJeTYI4nA,,IM_2ozALOoJeTYI4nA,IM_5mQewJsIh2S9jsq,IM_5mQewJsIh2S9jsq,IM_5mQewJsIh2S9jsq,IM_0vtECHLsyFNJaBw,,IM_0vtECHLsyFNJaBw,,,IM_bJCA2nw0XEDa5dI,"IM_db9X4OuGTTTZE58,IM_cMWOAnFx09UeqCW","IM_db9X4OuGTTTZE58,IM_cMWOAnFx09UeqCW",IM_db9X4OuGTTTZE58,IM_1Y4jCBh05jJZbdI,,IM_1Y4jCBh05jJZbdI,IM_etf4S961ExPVJQO,IM_etf4S961ExPVJQO,IM_etf4S961ExPVJQO,IM_5bgFwSYJx7EPHo2,,IM_5bgFwSYJx7EPHo2,IM_9uZHc4XkcILlXPU,IM_3wRyVnYTFvZ02vc,IM_9uZHc4XkcILlXPU,IM_bDFUXOwl7kiuEIe,,IM_bDFUXOwl7kiuEIe
2023-07-09 14:35:32,2023-07-09 14:53:34,IP Address,92.109.28.115,100,1082,True,2023-07-09 14:53:35,R_UYAEh6xGDS3tdBf,,,,,52.3748,4.8513,anonymous,EN,IM_b30nk569QQbAJRI,IM_0Gr4JX0vnEV3Z6C,IM_0Gr4JX0vnEV3Z6C,IM_3mcP4wbCDrzIyLI,IM_3mcP4wbCDrzIyLI,IM_8eRRFKXHqLUjpk2,IM_838DoGpbYRXYKk6,IM_838DoGpbYRXYKk6,IM_6lEHSACN4WrCAJg,IM_5w46lpX2ag4zZ2K,IM_2t770EdOicWOikm,IM_2t770EdOicWOikm,IM_7803uAMyMWJFCqq,IM_7803uAMyMWJFCqq,IM_5BZZrxg1vRvPHQa,IM_08U6ei1VUirlI5o,IM_08U6ei1VUirlI5o,IM_3CbIg53d18kBhBQ,IM_0fBDj7fT2PlZVdQ,IM_0fBDj7fT2PlZVdQ,IM_0B7LePDdfeTNE10,IM_81CMs4DgoJeORQG,IM_81CMs4DgoJeORQG,IM_9ysWDAJn4E2ek7k,IM_2mY3pou1Ry45fXE,IM_2mY3pou1Ry45fXE,IM_7VdJfu6Fccuami2,IM_0JVAhyzuuIn4IGq,IM_0JVAhyzuuIn4IGq,IM_9ZhMVEMbdUT6aJU,IM_ezzDs79gqviS5cW,IM_57j13y5Du7IgCyi,IM_ezzDs79gqviS5cW,IM_dg8WBOnhKcxtFB4,IM_dg8WBOnhKcxtFB4,IM_aaz5OLxcQrmvrfM,IM_ai21SYT8tyfEK3A,IM_ai21SYT8tyfEK3A,IM_cvGlBSrjRYuK0zs,IM_9KwJqaJV7NZDgSW,IM_9KwJqaJV7NZDgSW,IM_5vwxxG6ZMrXaGpg,IM_cCRN0AM0mVJhbim,IM_4THzDOyKjdeHfme,IM_eQFkzTTgkIR9PF4,IM_1S5y37ciqR6iVvM,IM_1S5y37ciqR6iVvM,IM_bK4ic06XNCpJziS,IM_cC0UhmwXCnrUfJk,IM_26mIuT8skuXFRMG,IM_5go1wU4l698nwWi,IM_88OeIHaKVKYlxK6,IM_88OeIHaKVKYlxK6,IM_88OeIHaKVKYlxK6,,IM_6LLMPpwWP3c19Bk,IM_6LLMPpwWP3c19Bk,IM_6LLMPpwWP3c19Bk,IM_1S7mGZgEE37tjV4,IM_1S7mGZgEE37tjV4,IM_1S7mGZgEE37tjV4,IM_9Ep4wBBgtLyoRfg,IM_9Ep4wBBgtLyoRfg,IM_0iJp5w9F1S8XPEy,IM_bxy3PW6dzPQc3uS,IM_dj4O94KgEt9AzNc,IM_bxy3PW6dzPQc3uS,IM_5orBT3vSYN86Ji6,IM_7803uAMyMWJFCqq,IM_5orBT3vSYN86Ji6,IM_8dJGATBcTiKWzxI,IM_8dJGATBcTiKWzxI,IM_00AGCNraRMPs6Ue,IM_bJgqFSuXiMH7oLc,IM_5hkG13LuW9F2Gbk,IM_5hkG13LuW9F2Gbk,IM_8CGU1SRad3SpiqW,IM_8CGU1SRad3SpiqW,IM_3dXXn4ZDZFBgySW,IM_8Gm5qF192mn6tGC,IM_6DpqG5iZi8NXJum,IM_6DpqG5iZi8NXJum,IM_3HHdUVTG9Ky5PVQ,IM_enuasVFpbMhtK4K,IM_enuasVFpbMhtK4K,IM_42QUeTmbQGLKEbY,IM_ezzDs79gqviS5cW,IM_3sb0iMmodeNvq5g,IM_8Cylc190a4wqtng,IM_9Y386oZG1XBTW3I,IM_9Y386oZG1XBTW3I,IM_a36ti72UGlhIASi,IM_a36ti72UGlhIASi,IM_3seipdpZJfN3XmK,IM_8oFdGphExfQQQ62,IM_emJkrjXolxP2onk,IM_bJhYubkLJlyW3fE,IM_5sBoFluRh2pgdeu,IM_5sBoFluRh2pgdeu,IM_eFoTa4CooSPEmjA,IM_cSZ8J0pnEU0L84C,IM_2lzs73y5qtNqaXQ,IM_09eNoTepwCFNhxY,IM_3fN65XJPdTKB7n0,IM_agVeLlNRXcYeBHU,IM_aXIXjGIJXtKUqpg,IM_6m0Lzuapw6WmSjA,IM_6m0Lzuapw6WmSjA,IM_6QESMKBtMlJQ9kW,IM_9FbsfqDSD3QILCm,IM_9FbsfqDSD3QILCm,IM_6GaIguFKHTXxPAW,IM_0AgJWSSVRlrBkGy,IM_0AgJWSSVRlrBkGy,IM_0AgJWSSVRlrBkGy,IM_b3ijX7kIsFZEXwG,IM_e2kLzmzqGnf2Jp4,IM_b3ijX7kIsFZEXwG,IM_9mp2VBUr62UHLvw,IM_9mp2VBUr62UHLvw,IM_9mp2VBUr62UHLvw,IM_0eRku8ITtWo9cCG,IM_0eRku8ITtWo9cCG,IM_8IAGtPwLNSvev5k,IM_3gdDe7MtY7GSLwW,IM_3gdDe7MtY7GSLwW,IM_3gdDe7MtY7GSLwW,IM_5zGuWNIHO3AujRQ,IM_5zGuWNIHO3AujRQ,IM_aeFwApZAsWB8Zeu,IM_eJUZAhWsbW3tnSe,IM_eJUZAhWsbW3tnSe,IM_8um3qnmajEIGnYO,IM_1MP8u276fpaOeqi,IM_1MP8u276fpaOeqi,IM_3a3r3qxFq79Hva6,IM_eUPe7GVHhRuyPzg,IM_eUPe7GVHhRuyPzg,IM_5haM4HccEsD5zRs,IM_ey5NapQVFUyIC90,IM_ey5NapQVFUyIC90,IM_7R3sUGCIfMgxwRU,IM_8ACpF2txN02MiQ6,IM_8ACpF2txN02MiQ6,IM_em1hp5Sbh7SwBH8,IM_egQqADpu0blWonQ,IM_egQqADpu0blWonQ,IM_egQqADpu0blWonQ,IM_ezhYpDfh30R4KcS,IM_ezhYpDfh30R4KcS,IM_ezhYpDfh30R4KcS,IM_2ozALOoJeTYI4nA,IM_2ozALOoJeTYI4nA,IM_2ozALOoJeTYI4nA,IM_0oIP7XkuBUjMHvE,IM_0oIP7XkuBUjMHvE,IM_0oIP7XkuBUjMHvE,IM_0vtECHLsyFNJaBw,IM_0vtECHLsyFNJaBw,IM_0vtECHLsyFNJaBw,IM_bJCA2nw0XEDa5dI,IM_bJCA2nw0XEDa5dI,IM_bJCA2nw0XEDa5dI,IM_cMWOAnFx09UeqCW,IM_cMWOAnFx09UeqCW,IM_db9X4OuGTTTZE58,IM_1Y4jCBh05jJZbdI,IM_1Y4jCBh05jJZbdI,IM_0vRqTpnivOnhOWa,IM_etf4S961ExPVJQO,IM_etf4S961ExPVJQO,IM_6V8s0kG17bLfI10,IM_5bgFwSYJx7EPHo2,IM_5bgFwSYJx7EPHo2,IM_5bgFwSYJx7EPHo2,IM_9uZHc4XkcILlXPU,IM_9uZHc4XkcILlXPU,IM_9uZHc4XkcILlXPU,IM_9ABMcnO7X2fgkXY,IM_9ABMcnO7X2fgkXY,IM_bDFUXOwl7kiuEIe
2023-07-10 07:51:07,2023-07-10 08:18:36,IP Address,130.37.64.200,100,1648,True,2023-07-10 08:18:37,R_C82ygW4MrP0KUff,,,,,52.3665,4.9353,anonymous,EN,"IM_0Gr4JX0vnEV3Z6C,IM_b30nk569QQbAJRI","IM_0Gr4JX0vnEV3Z6C,IM_b30nk569QQbAJRI",IM_0Gr4JX0vnEV3Z6C,IM_3mcP4wbCDrzIyLI,IM_3mcP4wbCDrzIyLI,IM_8eRRFKXHqLUjpk2,IM_838DoGpbYRXYKk6,IM_838DoGpbYRXYKk6,IM_838DoGpbYRXYKk6,"IM_5w46lpX2ag4zZ2K,IM_2t770EdOicWOikm",IM_5w46lpX2ag4zZ2K,IM_2t770EdOicWOikm,IM_7803uAMyMWJFCqq,IM_7803uAMyMWJFCqq,IM_7803uAMyMWJFCqq,IM_3CbIg53d18kBhBQ,"IM_3CbIg53d18kBhBQ,IM_08U6ei1VUirlI5o",IM_3CbIg53d18kBhBQ,IM_0fBDj7fT2PlZVdQ,"IM_0fBDj7fT2PlZVdQ,IM_0B7LePDdfeTNE10",IM_0B7LePDdfeTNE10,"IM_81CMs4DgoJeORQG,IM_cAVQd7XcjBeijv8",IM_cAVQd7XcjBeijv8,IM_81CMs4DgoJeORQG,"IM_2mY3pou1Ry45fXE,IM_0O0uSdPiCUgpLbE",IM_2mY3pou1Ry45fXE,IM_0O0uSdPiCUgpLbE,IM_0JVAhyzuuIn4IGq,IM_0JVAhyzuuIn4IGq,IM_0JVAhyzuuIn4IGq,"IM_57j13y5Du7IgCyi,IM_ezzDs79gqviS5cW","IM_57j13y5Du7IgCyi,IM_ezzDs79gqviS5cW",IM_ezzDs79gqviS5cW,IM_dg8WBOnhKcxtFB4,"IM_aaz5OLxcQrmvrfM,IM_dg8WBOnhKcxtFB4",IM_dg8WBOnhKcxtFB4,IM_cvGlBSrjRYuK0zs,IM_ai21SYT8tyfEK3A,IM_cvGlBSrjRYuK0zs,IM_9KwJqaJV7NZDgSW,IM_9KwJqaJV7NZDgSW,IM_9KwJqaJV7NZDgSW,"IM_cCRN0AM0mVJhbim,IM_4THzDOyKjdeHfme","IM_cCRN0AM0mVJhbim,IM_4THzDOyKjdeHfme",IM_4THzDOyKjdeHfme,IM_1S5y37ciqR6iVvM,IM_1S5y37ciqR6iVvM,IM_1S5y37ciqR6iVvM,IM_26mIuT8skuXFRMG,IM_26mIuT8skuXFRMG,IM_26mIuT8skuXFRMG,,IM_88OeIHaKVKYlxK6,IM_88OeIHaKVKYlxK6,IM_88OeIHaKVKYlxK6,"IM_3mdkJQFJydi4Oh0,IM_6LLMPpwWP3c19Bk,IM_5aTAwhrc10lyciW","IM_3mdkJQFJydi4Oh0,IM_6LLMPpwWP3c19Bk",IM_6LLMPpwWP3c19Bk,"IM_7ZDZg9ewXhAF82i,IM_1S7mGZgEE37tjV4","IM_7ZDZg9ewXhAF82i,IM_1S7mGZgEE37tjV4",IM_7ZDZg9ewXhAF82i,IM_9Ep4wBBgtLyoRfg,IM_9Ep4wBBgtLyoRfg,IM_9Ep4wBBgtLyoRfg,"IM_dj4O94KgEt9AzNc,IM_bxy3PW6dzPQc3uS","IM_dj4O94KgEt9AzNc,IM_bxy3PW6dzPQc3uS",IM_dj4O94KgEt9AzNc,IM_5orBT3vSYN86Ji6,"IM_57j13y5Du7IgCyi,IM_5orBT3vSYN86Ji6",IM_5orBT3vSYN86Ji6,IM_8dJGATBcTiKWzxI,IM_8dJGATBcTiKWzxI,IM_8dJGATBcTiKWzxI,"IM_5hkG13LuW9F2Gbk,IM_bJgqFSuXiMH7oLc",IM_5hkG13LuW9F2Gbk,IM_5hkG13LuW9F2Gbk,"IM_3dXXn4ZDZFBgySW,IM_8CGU1SRad3SpiqW",IM_8CGU1SRad3SpiqW,IM_8CGU1SRad3SpiqW,"IM_0qd87hmeKZJHHy6,IM_8Gm5qF192mn6tGC,IM_6DpqG5iZi8NXJum",IM_8Gm5qF192mn6tGC,IM_8Gm5qF192mn6tGC,"IM_3HHdUVTG9Ky5PVQ,IM_enuasVFpbMhtK4K",IM_3HHdUVTG9Ky5PVQ,IM_3HHdUVTG9Ky5PVQ,"IM_ezzDs79gqviS5cW,IM_42QUeTmbQGLKEbY",IM_42QUeTmbQGLKEbY,IM_42QUeTmbQGLKEbY,"IM_8Cylc190a4wqtng,IM_79eyyFKivtmkGbk",IM_79eyyFKivtmkGbk,IM_79eyyFKivtmkGbk,"IM_a36ti72UGlhIASi,IM_9YXiEWq2O0kB2M6",IM_a36ti72UGlhIASi,IM_a36ti72UGlhIASi,"IM_8oFdGphExfQQQ62,IM_emJkrjXolxP2onk",IM_emJkrjXolxP2onk,IM_emJkrjXolxP2onk,"IM_bDFZ1hDiKKoIh0y,IM_5sBoFluRh2pgdeu","IM_bDFZ1hDiKKoIh0y,IM_5sBoFluRh2pgdeu",IM_bDFZ1hDiKKoIh0y,IM_cSZ8J0pnEU0L84C,IM_cSZ8J0pnEU0L84C,IM_cSZ8J0pnEU0L84C,"IM_3fN65XJPdTKB7n0,IM_agVeLlNRXcYeBHU,IM_aXIXjGIJXtKUqpg",IM_agVeLlNRXcYeBHU,IM_agVeLlNRXcYeBHU,"IM_6QESMKBtMlJQ9kW,IM_6m0Lzuapw6WmSjA,IM_0Osz5IJ79O3dPOm",IM_6QESMKBtMlJQ9kW,IM_6QESMKBtMlJQ9kW,"IM_6GaIguFKHTXxPAW,IM_9FbsfqDSD3QILCm",IM_9FbsfqDSD3QILCm,IM_9FbsfqDSD3QILCm,"IM_0AgJWSSVRlrBkGy,IM_ePMZTAxsSkZzLIG",IM_0AgJWSSVRlrBkGy,IM_0AgJWSSVRlrBkGy,"IM_e2kLzmzqGnf2Jp4,IM_b3ijX7kIsFZEXwG",IM_e2kLzmzqGnf2Jp4,IM_e2kLzmzqGnf2Jp4,IM_9mp2VBUr62UHLvw,IM_9mp2VBUr62UHLvw,IM_9mp2VBUr62UHLvw,"IM_8IAGtPwLNSvev5k,IM_0eRku8ITtWo9cCG",IM_0eRku8ITtWo9cCG,IM_0eRku8ITtWo9cCG,"IM_9yQrVuA7JLaSzEW,IM_3gdDe7MtY7GSLwW",IM_9yQrVuA7JLaSzEW,IM_9yQrVuA7JLaSzEW,"IM_aeFwApZAsWB8Zeu,IM_5zGuWNIHO3AujRQ",IM_5zGuWNIHO3AujRQ,IM_5zGuWNIHO3AujRQ,"IM_eJUZAhWsbW3tnSe,IM_8um3qnmajEIGnYO",IM_eJUZAhWsbW3tnSe,IM_eJUZAhWsbW3tnSe,"IM_1MP8u276fpaOeqi,IM_3a3r3qxFq79Hva6",IM_1MP8u276fpaOeqi,IM_1MP8u276fpaOeqi,"IM_eUPe7GVHhRuyPzg,IM_5haM4HccEsD5zRs",IM_eUPe7GVHhRuyPzg,IM_eUPe7GVHhRuyPzg,"IM_7R3sUGCIfMgxwRU,IM_ey5NapQVFUyIC90","IM_7R3sUGCIfMgxwRU,IM_ey5NapQVFUyIC90",IM_7R3sUGCIfMgxwRU,"IM_em1hp5Sbh7SwBH8,IM_8ACpF2txN02MiQ6",IM_em1hp5Sbh7SwBH8,IM_em1hp5Sbh7SwBH8,"IM_egQqADpu0blWonQ,IM_cOtopPgjLAfb3wy",IM_cOtopPgjLAfb3wy,IM_cOtopPgjLAfb3wy,"IM_ezhYpDfh30R4KcS,IM_bgxhyk2sIG57FMG",IM_ezhYpDfh30R4KcS,IM_ezhYpDfh30R4KcS,"IM_2ozALOoJeTYI4nA,IM_560laotWlkct4j4","IM_2ozALOoJeTYI4nA,IM_560laotWlkct4j4",IM_2ozALOoJeTYI4nA,IM_5mQewJsIh2S9jsq,IM_5mQewJsIh2S9jsq,IM_5mQewJsIh2S9jsq,"IM_0vtECHLsyFNJaBw,IM_d7ssTHukTozbLAW",IM_0vtECHLsyFNJaBw,IM_0vtECHLsyFNJaBw,"IM_bJCA2nw0XEDa5dI,IM_bPd7HjlVBhtiHfo",IM_bJCA2nw0XEDa5dI,IM_bJCA2nw0XEDa5dI,"IM_db9X4OuGTTTZE58,IM_cMWOAnFx09UeqCW",IM_db9X4OuGTTTZE58,IM_db9X4OuGTTTZE58,"IM_0vRqTpnivOnhOWa,IM_1Y4jCBh05jJZbdI",IM_1Y4jCBh05jJZbdI,IM_1Y4jCBh05jJZbdI,"IM_6V8s0kG17bLfI10,IM_etf4S961ExPVJQO",IM_etf4S961ExPVJQO,IM_etf4S961ExPVJQO,"IM_4Ge26i20ZmRhjjo,IM_5bgFwSYJx7EPHo2",IM_5bgFwSYJx7EPHo2,IM_5bgFwSYJx7EPHo2,"IM_9uZHc4XkcILlXPU,IM_3wRyVnYTFvZ02vc",IM_9uZHc4XkcILlXPU,IM_9uZHc4XkcILlXPU,"IM_bDFUXOwl7kiuEIe,IM_9ABMcnO7X2fgkXY",IM_bDFUXOwl7kiuEIe,IM_bDFUXOwl7kiuEIe
2023-07-10 10:37:46,2023-07-10 10:55:53,IP Address,159.48.55.12,100,1087,True,2023-07-10 10:55:54,R_1FCCQNeVM0r4LVh,,,,,52.3759,4.8975,anonymous,EN,IM_0Gr4JX0vnEV3Z6C,IM_b30nk569QQbAJRI,IM_b30nk569QQbAJRI,IM_3mcP4wbCDrzIyLI,IM_3mcP4wbCDrzIyLI,IM_3mcP4wbCDrzIyLI,IM_838DoGpbYRXYKk6,IM_838DoGpbYRXYKk6,IM_838DoGpbYRXYKk6,IM_5w46lpX2ag4zZ2K,IM_5w46lpX2ag4zZ2K,IM_5w46lpX2ag4zZ2K,IM_7803uAMyMWJFCqq,IM_7803uAMyMWJFCqq,IM_7803uAMyMWJFCqq,IM_08U6ei1VUirlI5o,"IM_3OYXy3jynJvizOu,IM_08U6ei1VUirlI5o",IM_3OYXy3jynJvizOu,IM_0fBDj7fT2PlZVdQ,IM_0fBDj7fT2PlZVdQ,IM_0B7LePDdfeTNE10,IM_cAVQd7XcjBeijv8,IM_cAVQd7XcjBeijv8,IM_81CMs4DgoJeORQG,IM_2mY3pou1Ry45fXE,IM_2mY3pou1Ry45fXE,IM_2mY3pou1Ry45fXE,IM_0JVAhyzuuIn4IGq,IM_0JVAhyzuuIn4IGq,IM_0JVAhyzuuIn4IGq,"IM_57j13y5Du7IgCyi,IM_ezzDs79gqviS5cW",IM_57j13y5Du7IgCyi,IM_57j13y5Du7IgCyi,"IM_aaz5OLxcQrmvrfM,IM_dg8WBOnhKcxtFB4","IM_aaz5OLxcQrmvrfM,IM_dg8WBOnhKcxtFB4",IM_dg8WBOnhKcxtFB4,IM_cvGlBSrjRYuK0zs,IM_cvGlBSrjRYuK0zs,IM_cvGlBSrjRYuK0zs,IM_9KwJqaJV7NZDgSW,IM_9KwJqaJV7NZDgSW,IM_9KwJqaJV7NZDgSW,IM_4THzDOyKjdeHfme,IM_4THzDOyKjdeHfme,IM_4THzDOyKjdeHfme,IM_1S5y37ciqR6iVvM,IM_1S5y37ciqR6iVvM,IM_1S5y37ciqR6iVvM,"IM_cC0UhmwXCnrUfJk,IM_26mIuT8skuXFRMG","IM_cC0UhmwXCnrUfJk,IM_26mIuT8skuXFRMG",IM_cC0UhmwXCnrUfJk,,IM_88OeIHaKVKYlxK6,IM_88OeIHaKVKYlxK6,IM_88OeIHaKVKYlxK6,"IM_3mdkJQFJydi4Oh0,IM_6LLMPpwWP3c19Bk,IM_5aTAwhrc10lyciW",IM_6LLMPpwWP3c19Bk,IM_6LLMPpwWP3c19Bk,"IM_7ZDZg9ewXhAF82i,IM_1S7mGZgEE37tjV4",IM_1S7mGZgEE37tjV4,IM_1S7mGZgEE37tjV4,"IM_9Ep4wBBgtLyoRfg,IM_0iJp5w9F1S8XPEy",IM_0iJp5w9F1S8XPEy,IM_0iJp5w9F1S8XPEy,"IM_dj4O94KgEt9AzNc,IM_bxy3PW6dzPQc3uS,IM_a36pHEbhqsdWxKu","IM_dj4O94KgEt9AzNc,IM_bxy3PW6dzPQc3uS",IM_dj4O94KgEt9AzNc,"IM_57j13y5Du7IgCyi,IM_5orBT3vSYN86Ji6,IM_7803uAMyMWJFCqq","IM_57j13y5Du7IgCyi,IM_5orBT3vSYN86Ji6,IM_7803uAMyMWJFCqq",IM_5orBT3vSYN86Ji6,"IM_00AGCNraRMPs6Ue,IM_8dJGATBcTiKWzxI",IM_00AGCNraRMPs6Ue,IM_00AGCNraRMPs6Ue,"IM_5hkG13LuW9F2Gbk,IM_bJgqFSuXiMH7oLc",IM_5hkG13LuW9F2Gbk,IM_bJgqFSuXiMH7oLc,IM_elZBCUhry60wDXw,IM_elZBCUhry60wDXw,IM_8CGU1SRad3SpiqW,"IM_8Gm5qF192mn6tGC,IM_6DpqG5iZi8NXJum","IM_8Gm5qF192mn6tGC,IM_6DpqG5iZi8NXJum",IM_8Gm5qF192mn6tGC,IM_3HHdUVTG9Ky5PVQ,IM_3HHdUVTG9Ky5PVQ,IM_3HHdUVTG9Ky5PVQ,"IM_ezzDs79gqviS5cW,IM_42QUeTmbQGLKEbY",IM_42QUeTmbQGLKEbY,IM_42QUeTmbQGLKEbY,IM_8Cylc190a4wqtng,IM_8Cylc190a4wqtng,IM_8Cylc190a4wqtng,IM_a36ti72UGlhIASi,IM_a36ti72UGlhIASi,IM_a36ti72UGlhIASi,IM_8oFdGphExfQQQ62,IM_8oFdGphExfQQQ62,IM_8oFdGphExfQQQ62,IM_bDFZ1hDiKKoIh0y,IM_bDFZ1hDiKKoIh0y,IM_bDFZ1hDiKKoIh0y,IM_09eNoTepwCFNhxY,IM_09eNoTepwCFNhxY,IM_09eNoTepwCFNhxY,IM_agVeLlNRXcYeBHU,IM_agVeLlNRXcYeBHU,IM_agVeLlNRXcYeBHU,IM_6QESMKBtMlJQ9kW,IM_6m0Lzuapw6WmSjA,IM_6m0Lzuapw6WmSjA,"IM_6GaIguFKHTXxPAW,IM_9FbsfqDSD3QILCm",IM_9FbsfqDSD3QILCm,IM_9FbsfqDSD3QILCm,"IM_0AgJWSSVRlrBkGy,IM_ePMZTAxsSkZzLIG",IM_ePMZTAxsSkZzLIG,IM_ePMZTAxsSkZzLIG,"IM_e2kLzmzqGnf2Jp4,IM_b3ijX7kIsFZEXwG",IM_b3ijX7kIsFZEXwG,IM_b3ijX7kIsFZEXwG,"IM_9mp2VBUr62UHLvw,IM_0PazClw6n23AY7k",IM_0PazClw6n23AY7k,IM_9mp2VBUr62UHLvw,"IM_8IAGtPwLNSvev5k,IM_0eRku8ITtWo9cCG","IM_8IAGtPwLNSvev5k,IM_0eRku8ITtWo9cCG",IM_0eRku8ITtWo9cCG,"IM_9yQrVuA7JLaSzEW,IM_3gdDe7MtY7GSLwW",IM_3gdDe7MtY7GSLwW,IM_3gdDe7MtY7GSLwW,"IM_aeFwApZAsWB8Zeu,IM_5zGuWNIHO3AujRQ",IM_5zGuWNIHO3AujRQ,IM_5zGuWNIHO3AujRQ,"IM_eJUZAhWsbW3tnSe,IM_8um3qnmajEIGnYO",IM_8um3qnmajEIGnYO,IM_8um3qnmajEIGnYO,"IM_1MP8u276fpaOeqi,IM_3a3r3qxFq79Hva6",IM_3a3r3qxFq79Hva6,IM_3a3r3qxFq79Hva6,"IM_eUPe7GVHhRuyPzg,IM_5haM4HccEsD5zRs","IM_eUPe7GVHhRuyPzg,IM_5haM4HccEsD5zRs",IM_eUPe7GVHhRuyPzg,"IM_7R3sUGCIfMgxwRU,IM_ey5NapQVFUyIC90","IM_7R3sUGCIfMgxwRU,IM_ey5NapQVFUyIC90",IM_ey5NapQVFUyIC90,IM_em1hp5Sbh7SwBH8,IM_em1hp5Sbh7SwBH8,IM_em1hp5Sbh7SwBH8,"IM_egQqADpu0blWonQ,IM_cOtopPgjLAfb3wy",IM_cOtopPgjLAfb3wy,IM_cOtopPgjLAfb3wy,IM_bgxhyk2sIG57FMG,IM_bgxhyk2sIG57FMG,IM_bgxhyk2sIG57FMG,IM_2ozALOoJeTYI4nA,IM_2ozALOoJeTYI4nA,IM_2ozALOoJeTYI4nA,IM_5mQewJsIh2S9jsq,IM_5mQewJsIh2S9jsq,IM_5mQewJsIh2S9jsq,IM_d7ssTHukTozbLAW,IM_d7ssTHukTozbLAW,IM_d7ssTHukTozbLAW,IM_bPd7HjlVBhtiHfo,IM_bPd7HjlVBhtiHfo,IM_bPd7HjlVBhtiHfo,IM_cMWOAnFx09UeqCW,IM_cMWOAnFx09UeqCW,IM_cMWOAnFx09UeqCW,IM_0vRqTpnivOnhOWa,IM_0vRqTpnivOnhOWa,IM_0vRqTpnivOnhOWa,IM_6V8s0kG17bLfI10,IM_6V8s0kG17bLfI10,IM_6V8s0kG17bLfI10,IM_4Ge26i20ZmRhjjo,IM_4Ge26i20ZmRhjjo,IM_4Ge26i20ZmRhjjo,IM_3wRyVnYTFvZ02vc,IM_3wRyVnYTFvZ02vc,IM_3wRyVnYTFvZ02vc,IM_9ABMcnO7X2fgkXY,IM_9ABMcnO7X2fgkXY,IM_9ABMcnO7X2fgkXY
2023-07-11 03:50:29,2023-07-11 04:14:08,IP Address,195.240.255.46,100,1418,True,2023-07-11 04:14:09,R_3fSEkzXkcKYsfyj,,,,,52.1283,4.5891,anonymous,EN,IM_0Gr4JX0vnEV3Z6C,IM_b30nk569QQbAJRI,IM_0Gr4JX0vnEV3Z6C,IM_3mcP4wbCDrzIyLI,IM_5AW4T7fxrp8q7Xg,IM_3mcP4wbCDrzIyLI,"IM_838DoGpbYRXYKk6,IM_aW7pc9IsZ9YLTJs","IM_838DoGpbYRXYKk6,IM_6lEHSACN4WrCAJg",IM_838DoGpbYRXYKk6,IM_5w46lpX2ag4zZ2K,IM_9tPyVcOka2Ywa8K,IM_5w46lpX2ag4zZ2K,"IM_7803uAMyMWJFCqq,IM_5BZZrxg1vRvPHQa","IM_7803uAMyMWJFCqq,IM_5BZZrxg1vRvPHQa",IM_5BZZrxg1vRvPHQa,"IM_3CbIg53d18kBhBQ,IM_08U6ei1VUirlI5o","IM_3CbIg53d18kBhBQ,IM_3OYXy3jynJvizOu",IM_08U6ei1VUirlI5o,IM_0fBDj7fT2PlZVdQ,"IM_0fBDj7fT2PlZVdQ,IM_0B7LePDdfeTNE10",IM_5j1eTVlQUabXfqC,IM_81CMs4DgoJeORQG,IM_cAVQd7XcjBeijv8,IM_81CMs4DgoJeORQG,"IM_2mY3pou1Ry45fXE,IM_0O0uSdPiCUgpLbE",IM_2mY3pou1Ry45fXE,IM_0O0uSdPiCUgpLbE,IM_0JVAhyzuuIn4IGq,"IM_5p43gbse90HoJGS,IM_0JVAhyzuuIn4IGq",IM_0JVAhyzuuIn4IGq,"IM_57j13y5Du7IgCyi,IM_ezzDs79gqviS5cW",IM_57j13y5Du7IgCyi,IM_ezzDs79gqviS5cW,"IM_aaz5OLxcQrmvrfM,IM_dg8WBOnhKcxtFB4","IM_aaz5OLxcQrmvrfM,IM_dg8WBOnhKcxtFB4",IM_dg8WBOnhKcxtFB4,"IM_ai21SYT8tyfEK3A,IM_cvGlBSrjRYuK0zs","IM_ai21SYT8tyfEK3A,IM_cvGlBSrjRYuK0zs",IM_ai21SYT8tyfEK3A,IM_9KwJqaJV7NZDgSW,IM_9KwJqaJV7NZDgSW,IM_eh6EkwfGBEpJEdo,"IM_cCRN0AM0mVJhbim,IM_4THzDOyKjdeHfme",IM_cCRN0AM0mVJhbim,IM_cCRN0AM0mVJhbim,IM_1S5y37ciqR6iVvM,IM_1S5y37ciqR6iVvM,IM_1S5y37ciqR6iVvM,"IM_cC0UhmwXCnrUfJk,IM_26mIuT8skuXFRMG","IM_cC0UhmwXCnrUfJk,IM_26mIuT8skuXFRMG",IM_26mIuT8skuXFRMG,"IM_5ciaigAMg3EKduu,IM_88OeIHaKVKYlxK6","IM_5ciaigAMg3EKduu,IM_88OeIHaKVKYlxK6","IM_5ciaigAMg3EKduu,IM_88OeIHaKVKYlxK6",IM_88OeIHaKVKYlxK6,IM_6LLMPpwWP3c19Bk,"IM_6LLMPpwWP3c19Bk,IM_5aTAwhrc10lyciW",IM_6LLMPpwWP3c19Bk,"IM_7ZDZg9ewXhAF82i,IM_1S7mGZgEE37tjV4","IM_7ZDZg9ewXhAF82i,IM_1S7mGZgEE37tjV4",IM_1S7mGZgEE37tjV4,"IM_9Ep4wBBgtLyoRfg,IM_0iJp5w9F1S8XPEy","IM_9Ep4wBBgtLyoRfg,IM_0iJp5w9F1S8XPEy",IM_9Ep4wBBgtLyoRfg,"IM_dj4O94KgEt9AzNc,IM_bxy3PW6dzPQc3uS","IM_dj4O94KgEt9AzNc,IM_bxy3PW6dzPQc3uS",IM_dj4O94KgEt9AzNc,IM_5orBT3vSYN86Ji6,IM_5orBT3vSYN86Ji6,IM_5orBT3vSYN86Ji6,IM_00AGCNraRMPs6Ue,IM_00AGCNraRMPs6Ue,IM_00AGCNraRMPs6Ue,"IM_5hkG13LuW9F2Gbk,IM_bJgqFSuXiMH7oLc","IM_5hkG13LuW9F2Gbk,IM_bJgqFSuXiMH7oLc",IM_5hkG13LuW9F2Gbk,IM_elZBCUhry60wDXw,IM_elZBCUhry60wDXw,IM_elZBCUhry60wDXw,"IM_8Gm5qF192mn6tGC,IM_6DpqG5iZi8NXJum","IM_0qd87hmeKZJHHy6,IM_6DpqG5iZi8NXJum",IM_8Gm5qF192mn6tGC,"IM_3HHdUVTG9Ky5PVQ,IM_enuasVFpbMhtK4K","IM_3HHdUVTG9Ky5PVQ,IM_enuasVFpbMhtK4K",IM_3HHdUVTG9Ky5PVQ,"IM_ezzDs79gqviS5cW,IM_42QUeTmbQGLKEbY","IM_ezzDs79gqviS5cW,IM_42QUeTmbQGLKEbY",IM_42QUeTmbQGLKEbY,"IM_8Cylc190a4wqtng,IM_9Y386oZG1XBTW3I","IM_8Cylc190a4wqtng,IM_9Y386oZG1XBTW3I",IM_9Y386oZG1XBTW3I,IM_a36ti72UGlhIASi,IM_a36ti72UGlhIASi,IM_a36ti72UGlhIASi,IM_emJkrjXolxP2onk,IM_emJkrjXolxP2onk,IM_emJkrjXolxP2onk,IM_bDFZ1hDiKKoIh0y,IM_bDFZ1hDiKKoIh0y,IM_bDFZ1hDiKKoIh0y,IM_cSZ8J0pnEU0L84C,IM_cSZ8J0pnEU0L84C,IM_cSZ8J0pnEU0L84C,"IM_3fN65XJPdTKB7n0,IM_agVeLlNRXcYeBHU","IM_3fN65XJPdTKB7n0,IM_agVeLlNRXcYeBHU",IM_agVeLlNRXcYeBHU,"IM_6QESMKBtMlJQ9kW,IM_6m0Lzuapw6WmSjA",IM_6QESMKBtMlJQ9kW,IM_6QESMKBtMlJQ9kW,"IM_6GaIguFKHTXxPAW,IM_9FbsfqDSD3QILCm","IM_6GaIguFKHTXxPAW,IM_9FbsfqDSD3QILCm",IM_9FbsfqDSD3QILCm,IM_0AgJWSSVRlrBkGy,IM_0AgJWSSVRlrBkGy,IM_0AgJWSSVRlrBkGy,"IM_e2kLzmzqGnf2Jp4,IM_b3ijX7kIsFZEXwG","IM_e2kLzmzqGnf2Jp4,IM_b3ijX7kIsFZEXwG",IM_b3ijX7kIsFZEXwG,IM_9mp2VBUr62UHLvw,IM_9mp2VBUr62UHLvw,IM_9mp2VBUr62UHLvw,"IM_8IAGtPwLNSvev5k,IM_0eRku8ITtWo9cCG","IM_8IAGtPwLNSvev5k,IM_0eRku8ITtWo9cCG",IM_8IAGtPwLNSvev5k,IM_3gdDe7MtY7GSLwW,IM_3gdDe7MtY7GSLwW,IM_3gdDe7MtY7GSLwW,"IM_aeFwApZAsWB8Zeu,IM_5zGuWNIHO3AujRQ","IM_aeFwApZAsWB8Zeu,IM_5zGuWNIHO3AujRQ",IM_5zGuWNIHO3AujRQ,IM_8um3qnmajEIGnYO,IM_8um3qnmajEIGnYO,IM_8um3qnmajEIGnYO,"IM_1MP8u276fpaOeqi,IM_3a3r3qxFq79Hva6","IM_1MP8u276fpaOeqi,IM_3a3r3qxFq79Hva6",IM_1MP8u276fpaOeqi,IM_eUPe7GVHhRuyPzg,IM_eUPe7GVHhRuyPzg,IM_eUPe7GVHhRuyPzg,IM_ey5NapQVFUyIC90,IM_ey5NapQVFUyIC90,IM_ey5NapQVFUyIC90,IM_em1hp5Sbh7SwBH8,IM_em1hp5Sbh7SwBH8,IM_em1hp5Sbh7SwBH8,"IM_egQqADpu0blWonQ,IM_cOtopPgjLAfb3wy","IM_egQqADpu0blWonQ,IM_cOtopPgjLAfb3wy",IM_cOtopPgjLAfb3wy,IM_ezhYpDfh30R4KcS,IM_ezhYpDfh30R4KcS,IM_ezhYpDfh30R4KcS,IM_2ozALOoJeTYI4nA,IM_2ozALOoJeTYI4nA,IM_2ozALOoJeTYI4nA,IM_5mQewJsIh2S9jsq,IM_5mQewJsIh2S9jsq,IM_5mQewJsIh2S9jsq,IM_d7ssTHukTozbLAW,IM_d7ssTHukTozbLAW,IM_d7ssTHukTozbLAW,IM_bPd7HjlVBhtiHfo,IM_bPd7HjlVBhtiHfo,IM_bPd7HjlVBhtiHfo,IM_cMWOAnFx09UeqCW,IM_cMWOAnFx09UeqCW,IM_cMWOAnFx09UeqCW,IM_0vRqTpnivOnhOWa,IM_0vRqTpnivOnhOWa,IM_0vRqTpnivOnhOWa,IM_6V8s0kG17bLfI10,IM_6V8s0kG17bLfI10,IM_6V8s0kG17bLfI10,IM_5bgFwSYJx7EPHo2,IM_5bgFwSYJx7EPHo2,IM_5bgFwSYJx7EPHo2,IM_3wRyVnYTFvZ02vc,IM_3wRyVnYTFvZ02vc,IM_3wRyVnYTFvZ02vc,IM_9ABMcnO7X2fgkXY,IM_9ABMcnO7X2fgkXY,IM_9ABMcnO7X2fgkXY
2023-07-13 11:44:22,2023-07-13 12:14:59,IP Address,85.76.77.8,100,1837,True,2023-07-13 12:15:00,R_3PpjikN8DrjKmEE,,,,,60.1797,24.9344,anonymous,EN,IM_0Gr4JX0vnEV3Z6C,IM_b30nk569QQbAJRI,IM_0Gr4JX0vnEV3Z6C,IM_3mcP4wbCDrzIyLI,IM_3mcP4wbCDrzIyLI,IM_3mcP4wbCDrzIyLI,IM_838DoGpbYRXYKk6,IM_838DoGpbYRXYKk6,IM_838DoGpbYRXYKk6,IM_5w46lpX2ag4zZ2K,IM_2t770EdOicWOikm,IM_2t770EdOicWOikm,IM_7803uAMyMWJFCqq,IM_7803uAMyMWJFCqq,IM_5BZZrxg1vRvPHQa,IM_3OYXy3jynJvizOu,IM_08U6ei1VUirlI5o,IM_08U6ei1VUirlI5o,IM_0fBDj7fT2PlZVdQ,IM_0B7LePDdfeTNE10,IM_0B7LePDdfeTNE10,IM_cAVQd7XcjBeijv8,IM_cAVQd7XcjBeijv8,IM_81CMs4DgoJeORQG,IM_0O0uSdPiCUgpLbE,IM_2mY3pou1Ry45fXE,IM_0O0uSdPiCUgpLbE,IM_0JVAhyzuuIn4IGq,IM_0JVAhyzuuIn4IGq,IM_0JVAhyzuuIn4IGq,IM_57j13y5Du7IgCyi,IM_ezzDs79gqviS5cW,IM_ezzDs79gqviS5cW,IM_dg8WBOnhKcxtFB4,IM_dg8WBOnhKcxtFB4,IM_aaz5OLxcQrmvrfM,IM_ai21SYT8tyfEK3A,IM_cvGlBSrjRYuK0zs,IM_ai21SYT8tyfEK3A,IM_9KwJqaJV7NZDgSW,IM_9KwJqaJV7NZDgSW,IM_9KwJqaJV7NZDgSW,IM_cCRN0AM0mVJhbim,IM_4THzDOyKjdeHfme,IM_cCRN0AM0mVJhbim,IM_1S5y37ciqR6iVvM,IM_1S5y37ciqR6iVvM,IM_1S5y37ciqR6iVvM,IM_cC0UhmwXCnrUfJk,IM_26mIuT8skuXFRMG,IM_cC0UhmwXCnrUfJk,,IM_88OeIHaKVKYlxK6,IM_88OeIHaKVKYlxK6,IM_88OeIHaKVKYlxK6,IM_6LLMPpwWP3c19Bk,IM_6LLMPpwWP3c19Bk,IM_6LLMPpwWP3c19Bk,IM_1S7mGZgEE37tjV4,IM_1S7mGZgEE37tjV4,IM_1S7mGZgEE37tjV4,IM_9Ep4wBBgtLyoRfg,IM_9Ep4wBBgtLyoRfg,IM_9Ep4wBBgtLyoRfg,IM_dj4O94KgEt9AzNc,IM_dj4O94KgEt9AzNc,IM_dj4O94KgEt9AzNc,IM_7803uAMyMWJFCqq,"IM_5orBT3vSYN86Ji6,IM_7803uAMyMWJFCqq",IM_5orBT3vSYN86Ji6,IM_8dJGATBcTiKWzxI,IM_8dJGATBcTiKWzxI,IM_3OYXy3jynJvizOu,IM_5hkG13LuW9F2Gbk,IM_5hkG13LuW9F2Gbk,IM_bJgqFSuXiMH7oLc,IM_8CGU1SRad3SpiqW,IM_8CGU1SRad3SpiqW,IM_elZBCUhry60wDXw,IM_8Gm5qF192mn6tGC,IM_8Gm5qF192mn6tGC,IM_8Gm5qF192mn6tGC,IM_enuasVFpbMhtK4K,IM_enuasVFpbMhtK4K,IM_enuasVFpbMhtK4K,IM_ezzDs79gqviS5cW,IM_ezzDs79gqviS5cW,IM_ezzDs79gqviS5cW,IM_9Y386oZG1XBTW3I,IM_9Y386oZG1XBTW3I,IM_9Y386oZG1XBTW3I,IM_a36ti72UGlhIASi,IM_a36ti72UGlhIASi,IM_a36ti72UGlhIASi,IM_8oFdGphExfQQQ62,IM_8oFdGphExfQQQ62,IM_8oFdGphExfQQQ62,IM_bDFZ1hDiKKoIh0y,IM_bDFZ1hDiKKoIh0y,IM_bDFZ1hDiKKoIh0y,IM_cSZ8J0pnEU0L84C,IM_cSZ8J0pnEU0L84C,IM_cSZ8J0pnEU0L84C,IM_agVeLlNRXcYeBHU,IM_agVeLlNRXcYeBHU,IM_agVeLlNRXcYeBHU,IM_6QESMKBtMlJQ9kW,IM_6QESMKBtMlJQ9kW,IM_6QESMKBtMlJQ9kW,IM_9FbsfqDSD3QILCm,IM_9FbsfqDSD3QILCm,IM_9FbsfqDSD3QILCm,IM_0AgJWSSVRlrBkGy,IM_0AgJWSSVRlrBkGy,IM_0AgJWSSVRlrBkGy,IM_e2kLzmzqGnf2Jp4,IM_e2kLzmzqGnf2Jp4,IM_e2kLzmzqGnf2Jp4,IM_0PazClw6n23AY7k,IM_0PazClw6n23AY7k,IM_0PazClw6n23AY7k,IM_0eRku8ITtWo9cCG,IM_0eRku8ITtWo9cCG,IM_0eRku8ITtWo9cCG,IM_3gdDe7MtY7GSLwW,IM_3gdDe7MtY7GSLwW,IM_3gdDe7MtY7GSLwW,IM_5zGuWNIHO3AujRQ,IM_5zGuWNIHO3AujRQ,IM_aeFwApZAsWB8Zeu,IM_eJUZAhWsbW3tnSe,IM_eJUZAhWsbW3tnSe,IM_8um3qnmajEIGnYO,IM_3a3r3qxFq79Hva6,IM_3a3r3qxFq79Hva6,IM_3a3r3qxFq79Hva6,IM_5haM4HccEsD5zRs,IM_5haM4HccEsD5zRs,IM_5haM4HccEsD5zRs,IM_ey5NapQVFUyIC90,IM_ey5NapQVFUyIC90,IM_ey5NapQVFUyIC90,IM_em1hp5Sbh7SwBH8,IM_em1hp5Sbh7SwBH8,IM_em1hp5Sbh7SwBH8,IM_cOtopPgjLAfb3wy,IM_cOtopPgjLAfb3wy,IM_cOtopPgjLAfb3wy,IM_ezhYpDfh30R4KcS,IM_ezhYpDfh30R4KcS,IM_ezhYpDfh30R4KcS,IM_560laotWlkct4j4,IM_560laotWlkct4j4,IM_560laotWlkct4j4,IM_5mQewJsIh2S9jsq,IM_5mQewJsIh2S9jsq,IM_5mQewJsIh2S9jsq,IM_d7ssTHukTozbLAW,IM_d7ssTHukTozbLAW,IM_d7ssTHukTozbLAW,IM_bPd7HjlVBhtiHfo,IM_bPd7HjlVBhtiHfo,IM_bPd7HjlVBhtiHfo,IM_cMWOAnFx09UeqCW,IM_cMWOAnFx09UeqCW,IM_cMWOAnFx09UeqCW,IM_0vRqTpnivOnhOWa,IM_0vRqTpnivOnhOWa,IM_0vRqTpnivOnhOWa,IM_6V8s0kG17bLfI10,IM_6V8s0kG17bLfI10,IM_6V8s0kG17bLfI10,IM_5bgFwSYJx7EPHo2,IM_5bgFwSYJx7EPHo2,IM_4Ge26i20ZmRhjjo,IM_3wRyVnYTFvZ02vc,IM_9uZHc4XkcILlXPU,IM_3wRyVnYTFvZ02vc,IM_9ABMcnO7X2fgkXY,IM_9ABMcnO7X2fgkXY,IM_9ABMcnO7X2fgkXY
2023-07-17 01:46:44,2023-07-17 02:09:20,IP Address,92.67.66.93,100,1356,True,2023-07-17 02:09:21,R_Cff0o4sKpReaxIB,,,,,51.8612,4.3657,anonymous,EN,"IM_0Gr4JX0vnEV3Z6C,IM_b30nk569QQbAJRI",IM_b30nk569QQbAJRI,IM_0Gr4JX0vnEV3Z6C,IM_3mcP4wbCDrzIyLI,,IM_3mcP4wbCDrzIyLI,"IM_838DoGpbYRXYKk6,IM_aW7pc9IsZ9YLTJs",,IM_838DoGpbYRXYKk6,"IM_9tPyVcOka2Ywa8K,IM_2t770EdOicWOikm",,IM_2t770EdOicWOikm,"IM_7803uAMyMWJFCqq,IM_5BZZrxg1vRvPHQa",IM_5BZZrxg1vRvPHQa,IM_5BZZrxg1vRvPHQa,"IM_3CbIg53d18kBhBQ,IM_08U6ei1VUirlI5o",IM_08U6ei1VUirlI5o,IM_08U6ei1VUirlI5o,"IM_5j1eTVlQUabXfqC,IM_0fBDj7fT2PlZVdQ",IM_5j1eTVlQUabXfqC,IM_5j1eTVlQUabXfqC,,IM_cAVQd7XcjBeijv8,IM_81CMs4DgoJeORQG,IM_2mY3pou1Ry45fXE,IM_2mY3pou1Ry45fXE,IM_2mY3pou1Ry45fXE,"IM_5p43gbse90HoJGS,IM_0JVAhyzuuIn4IGq",IM_0JVAhyzuuIn4IGq,IM_5p43gbse90HoJGS,"IM_57j13y5Du7IgCyi,IM_ezzDs79gqviS5cW","IM_57j13y5Du7IgCyi,IM_ezzDs79gqviS5cW",IM_ezzDs79gqviS5cW,"IM_aaz5OLxcQrmvrfM,IM_dg8WBOnhKcxtFB4","IM_aaz5OLxcQrmvrfM,IM_dg8WBOnhKcxtFB4",IM_dg8WBOnhKcxtFB4,"IM_ai21SYT8tyfEK3A,IM_cvGlBSrjRYuK0zs","IM_ai21SYT8tyfEK3A,IM_cvGlBSrjRYuK0zs",IM_ai21SYT8tyfEK3A,IM_9KwJqaJV7NZDgSW,IM_9KwJqaJV7NZDgSW,IM_9KwJqaJV7NZDgSW,IM_4THzDOyKjdeHfme,"IM_cCRN0AM0mVJhbim,IM_4THzDOyKjdeHfme",IM_4THzDOyKjdeHfme,"IM_8vw1hZs1EJ2HMbQ,IM_1S5y37ciqR6iVvM",IM_1S5y37ciqR6iVvM,IM_8vw1hZs1EJ2HMbQ,"IM_cC0UhmwXCnrUfJk,IM_26mIuT8skuXFRMG",IM_26mIuT8skuXFRMG,IM_26mIuT8skuXFRMG,,"IM_5ciaigAMg3EKduu,IM_88OeIHaKVKYlxK6",,IM_5ciaigAMg3EKduu,"IM_3mdkJQFJydi4Oh0,IM_6LLMPpwWP3c19Bk,IM_5aTAwhrc10lyciW","IM_6LLMPpwWP3c19Bk,IM_5aTAwhrc10lyciW",IM_5aTAwhrc10lyciW,IM_1S7mGZgEE37tjV4,"IM_7ZDZg9ewXhAF82i,IM_1S7mGZgEE37tjV4",IM_1S7mGZgEE37tjV4,"IM_9Ep4wBBgtLyoRfg,IM_0iJp5w9F1S8XPEy,IM_9SqSTcBnzfrdn14","IM_9Ep4wBBgtLyoRfg,IM_0iJp5w9F1S8XPEy",IM_0iJp5w9F1S8XPEy,"IM_dj4O94KgEt9AzNc,IM_bxy3PW6dzPQc3uS,IM_a36pHEbhqsdWxKu","IM_dj4O94KgEt9AzNc,IM_bxy3PW6dzPQc3uS",IM_dj4O94KgEt9AzNc,"IM_57j13y5Du7IgCyi,IM_5orBT3vSYN86Ji6",IM_5orBT3vSYN86Ji6,IM_5orBT3vSYN86Ji6,"IM_00AGCNraRMPs6Ue,IM_8dJGATBcTiKWzxI","IM_00AGCNraRMPs6Ue,IM_8dJGATBcTiKWzxI",IM_00AGCNraRMPs6Ue,"IM_5hkG13LuW9F2Gbk,IM_bJgqFSuXiMH7oLc",,IM_bJgqFSuXiMH7oLc,"IM_8CGU1SRad3SpiqW,IM_elZBCUhry60wDXw",IM_elZBCUhry60wDXw,IM_elZBCUhry60wDXw,"IM_0qd87hmeKZJHHy6,IM_6DpqG5iZi8NXJum",IM_6DpqG5iZi8NXJum,IM_6DpqG5iZi8NXJum,"IM_eyOlrbwPVjcV0c6,IM_3HHdUVTG9Ky5PVQ,IM_enuasVFpbMhtK4K",IM_enuasVFpbMhtK4K,IM_enuasVFpbMhtK4K,"IM_ezzDs79gqviS5cW,IM_42QUeTmbQGLKEbY","IM_ezzDs79gqviS5cW,IM_42QUeTmbQGLKEbY",IM_42QUeTmbQGLKEbY,"IM_8Cylc190a4wqtng,IM_9Y386oZG1XBTW3I",IM_9Y386oZG1XBTW3I,IM_9Y386oZG1XBTW3I,"IM_3seipdpZJfN3XmK,IM_a36ti72UGlhIASi",IM_3seipdpZJfN3XmK,IM_a36ti72UGlhIASi,,,IM_8oFdGphExfQQQ62,IM_eFoTa4CooSPEmjA,,IM_eFoTa4CooSPEmjA,"IM_cSZ8J0pnEU0L84C,IM_09eNoTepwCFNhxY",IM_cSZ8J0pnEU0L84C,IM_09eNoTepwCFNhxY,IM_agVeLlNRXcYeBHU,,IM_3fN65XJPdTKB7n0,IM_6m0Lzuapw6WmSjA,IM_6m0Lzuapw6WmSjA,IM_6m0Lzuapw6WmSjA,"IM_6GaIguFKHTXxPAW,IM_9FbsfqDSD3QILCm","IM_6GaIguFKHTXxPAW,IM_9FbsfqDSD3QILCm",IM_6GaIguFKHTXxPAW,IM_0AgJWSSVRlrBkGy,,IM_0AgJWSSVRlrBkGy,"IM_e2kLzmzqGnf2Jp4,IM_b3ijX7kIsFZEXwG",IM_e2kLzmzqGnf2Jp4,IM_b3ijX7kIsFZEXwG,IM_9mp2VBUr62UHLvw,IM_9mp2VBUr62UHLvw,IM_9mp2VBUr62UHLvw,"IM_8IAGtPwLNSvev5k,IM_0eRku8ITtWo9cCG","IM_8IAGtPwLNSvev5k,IM_0eRku8ITtWo9cCG",IM_0eRku8ITtWo9cCG,"IM_9yQrVuA7JLaSzEW,IM_3gdDe7MtY7GSLwW","IM_9yQrVuA7JLaSzEW,IM_3gdDe7MtY7GSLwW",IM_9yQrVuA7JLaSzEW,"IM_aeFwApZAsWB8Zeu,IM_5zGuWNIHO3AujRQ","IM_aeFwApZAsWB8Zeu,IM_5zGuWNIHO3AujRQ",IM_5zGuWNIHO3AujRQ,IM_8um3qnmajEIGnYO,,IM_8um3qnmajEIGnYO,"IM_1MP8u276fpaOeqi,IM_3a3r3qxFq79Hva6",IM_1MP8u276fpaOeqi,IM_1MP8u276fpaOeqi,"IM_eUPe7GVHhRuyPzg,IM_5haM4HccEsD5zRs",IM_eUPe7GVHhRuyPzg,IM_eUPe7GVHhRuyPzg,"IM_7R3sUGCIfMgxwRU,IM_ey5NapQVFUyIC90","IM_7R3sUGCIfMgxwRU,IM_ey5NapQVFUyIC90",IM_7R3sUGCIfMgxwRU,"IM_em1hp5Sbh7SwBH8,IM_8ACpF2txN02MiQ6",IM_em1hp5Sbh7SwBH8,IM_em1hp5Sbh7SwBH8,"IM_egQqADpu0blWonQ,IM_cOtopPgjLAfb3wy","IM_egQqADpu0blWonQ,IM_cOtopPgjLAfb3wy",IM_cOtopPgjLAfb3wy,IM_ezhYpDfh30R4KcS,IM_ezhYpDfh30R4KcS,IM_ezhYpDfh30R4KcS,IM_2ozALOoJeTYI4nA,,IM_2ozALOoJeTYI4nA,IM_5mQewJsIh2S9jsq,,IM_5mQewJsIh2S9jsq,,,IM_d7ssTHukTozbLAW,,,IM_bJCA2nw0XEDa5dI,"IM_db9X4OuGTTTZE58,IM_cMWOAnFx09UeqCW","IM_db9X4OuGTTTZE58,IM_cMWOAnFx09UeqCW",IM_db9X4OuGTTTZE58,IM_1Y4jCBh05jJZbdI,,IM_1Y4jCBh05jJZbdI,,,IM_etf4S961ExPVJQO,,,IM_5bgFwSYJx7EPHo2,,,IM_3wRyVnYTFvZ02vc,,,IM_9ABMcnO7X2fgkXY
